team,player_code,player_name,position,photo_url,portrait_source
Arsenal,198869,Benjamin White,Defender,https://resources.premierleague.com/premierleague/photos/players/110x140/p198869.png,Premier League
Arsenal,500040,Cristhian Mosquera,Defender,https://resources.premierleague.com/premierleague/photos/players/110x140/p500040.png,Premier League
Arsenal,226597,Gabriel dos Santos Magalhães,Defender,https://resources.premierleague.com/premierleague/photos/players/110x140/p226597.png,Premier League
Arsenal,445122,Jurriën Timber,Defender,https://resources.premierleague.com/premierleague/photos/players/110x140/p445122.png,Premier League
Arsenal,448104,Piero Hincapié,Defender,https://resources.premierleague.com/premierleague/photos/players/110x140/p448104.png,Premier League
Arsenal,466075,Riccardo Calafiori,Defender,https://resources.premierleague.com/premierleague/photos/players/110x140/p466075.png,Premier League
Arsenal,462424,William Saliba,Defender,https://resources.premierleague.com/premierleague/photos/players/110x140/p462424.png,Premier League
Arsenal,205651,Gabriel Fernando de Jesus,Forward,https://resources.premierleague.com/premierleague/photos/players/110x140/p205651.png,Premier League
Arsenal,219847,Kai Havertz,Forward,https://resources.premierleague.com/premierleague/photos/players/110x140/p219847.png,Premier League
Arsenal,224117,Viktor Gyökeres,Forward,https://resources.premierleague.com/premierleague/photos/players/110x140/p224117.png,Premier League
Arsenal,154561,David Raya Martín,Goalkeeper,https://resources.premierleague.com/premierleague/photos/players/110x140/p154561.png,Premier League
Arsenal,437495,Illan Meslier,Goalkeeper,https://resources.premierleague.com/premierleague/photos/players/110x140/p437495.png,Premier League
Arsenal,109745,Kepa Arrizabalaga Revuelta,Goalkeeper,https://resources.premierleague.com/premierleague/photos/players/110x140/p109745.png,Premier League
Arsenal,223340,Bukayo Saka,Midfielder,https://resources.premierleague.com/premierleague/photos/players/110x140/p223340.png,Premier League
Arsenal,128295,Christian Nørgaard,Midfielder,https://resources.premierleague.com/premierleague/photos/players/110x140/p128295.png,Premier League
Arsenal,439509,Christos Tzolis,Midfielder,https://resources.premierleague.com/premierleague/photos/players/110x140/p439509.png,Premier League
Arsenal,204480,Declan Rice,Midfielder,https://resources.premierleague.com/premierleague/photos/players/110x140/p204480.png,Premier League
Arsenal,232413,Eberechi Eze,Midfielder,https://resources.premierleague.com/premierleague/photos/players/110x140/p232413.png,Premier League
Arsenal,499175,Ethan Nwaneri,Midfielder,https://resources.premierleague.com/premierleague/photos/players/110x140/p499175.png,Premier League
Arsenal,438098,Fábio Ferreira Vieira,Midfielder,https://resources.premierleague.com/premierleague/photos/players/110x140/p438098.png,Premier League
Arsenal,444145,Gabriel Martinelli Silva,Midfielder,https://resources.premierleague.com/premierleague/photos/players/110x140/p444145.png,Premier League
Arsenal,184029,Martin Ødegaard,Midfielder,https://resources.premierleague.com/premierleague/photos/players/110x140/p184029.png,Premier League
Arsenal,481655,Martín Zubimendi Ibáñez,Midfielder,https://resources.premierleague.com/premierleague/photos/players/110x140/p481655.png,Premier League
Arsenal,616077,Max Dowman,Midfielder,https://resources.premierleague.com/premierleague/photos/players/110x140/p616077.png,Premier League
Arsenal,195384,Mikel Merino Zazón,Midfielder,https://resources.premierleague.com/premierleague/photos/players/110x140/p195384.png,Premier League
Arsenal,499169,Myles Lewis-Skelly,Midfielder,https://resources.premierleague.com/premierleague/photos/players/110x140/p499169.png,Premier League
Arsenal,248857,Noni Madueke,Midfielder,https://resources.premierleague.com/premierleague/photos/players/110x140/p248857.png,Premier League
Arsenal,200641,Reiss Nelson,Midfielder,https://resources.premierleague.com/premierleague/photos/players/110x140/p200641.png,Premier League
Aston Villa,606798,Andrés García,Defender,https://resources.premierleague.com/premierleague/photos/players/110x140/p606798.png,Premier League
Aston Villa,199798,Ezri Konsa Ngoyo,Defender,https://resources.premierleague.com/premierleague/photos/players/110x140/p199798.png,Premier League
Aston Villa,441302,Ian Maatsen,Defender,https://resources.premierleague.com/premierleague/photos/players/110x140/p441302.png,Premier League
Aston Villa,578545,Kosta Nedeljkovic,Defender,https://resources.premierleague.com/premierleague/photos/players/110x140/p578545.png,Premier League
Aston Villa,101188,Lucas Digne,Defender,https://resources.premierleague.com/premierleague/photos/players/110x140/p101188.png,Premier League
Aston Villa,199796,Matty Cash,Defender,https://resources.premierleague.com/premierleague/photos/players/110x140/p199796.png,Premier League
Aston Villa,244954,Pau Torres,Defender,https://resources.premierleague.com/premierleague/photos/players/110x140/p244954.png,Premier League
Aston Villa,149484,Tyrone Mings,Defender,https://resources.premierleague.com/premierleague/photos/players/110x140/p149484.png,Premier League
Aston Villa,184667,Victor Lindelöf,Defender,https://resources.premierleague.com/premierleague/photos/players/110x140/p184667.png,Premier League
Aston Villa,178301,Ollie Watkins,Forward,https://resources.premierleague.com/premierleague/photos/players/110x140/p178301.png,Premier League
Aston Villa,173879,Tammy Abraham,Forward,https://resources.premierleague.com/premierleague/photos/players/110x140/p173879.png,Premier League
Aston Villa,98980,Emiliano Martínez Romero,Goalkeeper,https://resources.premierleague.com/premierleague/photos/players/110x140/p98980.png,Premier League
Aston Villa,72147,Marco Bizot,Goalkeeper,https://resources.premierleague.com/premierleague/photos/players/110x140/p72147.png,Premier League
Aston Villa,493105,Alejandro Garnacho Ferreyra,Midfielder,https://resources.premierleague.com/premierleague/photos/players/110x140/p493105.png,Premier League
Aston Villa,653481,Alysson Edward Franco da Rocha dos Santos,Midfielder,https://resources.premierleague.com/premierleague/photos/players/110x140/p653481.png,Premier League
Aston Villa,449871,Amadou Onana,Midfielder,https://resources.premierleague.com/premierleague/photos/players/110x140/p449871.png,Premier League
Aston Villa,226944,Boubacar Kamara,Midfielder,https://resources.premierleague.com/premierleague/photos/players/110x140/p226944.png,Premier League
Aston Villa,645618,Bradley Burrowes,Midfielder,https://resources.premierleague.com/premierleague/photos/players/110x140/p645618.png,Premier League
Aston Villa,195546,Emiliano Buendía Stati,Midfielder,https://resources.premierleague.com/premierleague/photos/players/110x140/p195546.png,Premier League
Aston Villa,485337,Evann Guessand,Midfielder,https://resources.premierleague.com/premierleague/photos/players/110x140/p485337.png,Premier League
Aston Villa,577285,George Hemmings,Midfielder,https://resources.premierleague.com/premierleague/photos/players/110x140/p577285.png,Premier League
Aston Villa,448089,Joao Gomes,Midfielder,https://resources.premierleague.com/premierleague/photos/players/110x140/p448089.png,Premier League
Aston Villa,614071,Johan Manzambi,Midfielder,https://resources.premierleague.com/premierleague/photos/players/110x140/p614071.png,Premier League
Aston Villa,122806,John McGinn,Midfielder,https://resources.premierleague.com/premierleague/photos/players/110x140/p122806.png,Premier League
Aston Villa,515597,Lamare Bogarde,Midfielder,https://resources.premierleague.com/premierleague/photos/players/110x140/p515597.png,Premier League
Aston Villa,215711,Leon Bailey,Midfielder,https://resources.premierleague.com/premierleague/photos/players/110x140/p215711.png,Premier League
Aston Villa,88894,Ross Barkley,Midfielder,https://resources.premierleague.com/premierleague/photos/players/110x140/p88894.png,Premier League
Aston Villa,469247,Samuel Iling-Junior,Midfielder,https://resources.premierleague.com/premierleague/photos/players/110x140/p469247.png,Premier League
Bournemouth,54469,Adam Smith,Defender,https://resources.premierleague.com/premierleague/photos/players/110x140/p54469.png,Premier League
Bournemouth,494521,Adrien Truffert,Defender,https://resources.premierleague.com/premierleague/photos/players/110x140/p494521.png,Premier League
Bournemouth,242882,Bafodé Diakité,Defender,https://resources.premierleague.com/premierleague/photos/players/110x140/p242882.png,Premier League
Bournemouth,463981,James Hill,Defender,https://resources.premierleague.com/premierleague/photos/players/110x140/p463981.png,Premier League
Bournemouth,575901,Julio Soler Barreto,Defender,https://resources.premierleague.com/premierleague/photos/players/110x140/p575901.png,Premier League
Bournemouth,436893,Julián Araujo Zúñiga,Defender,https://resources.premierleague.com/premierleague/photos/players/110x140/p436893.png,Premier League
Bournemouth,620487,Veljko Milosavljevic,Defender,https://resources.premierleague.com/premierleague/photos/players/110x140/p620487.png,Premier League
Bournemouth,168636,Enes Ünal,Forward,https://resources.premierleague.com/premierleague/photos/players/110x140/p168636.png,Premier League
Bournemouth,444102,Francisco Evanilson de Lima Barbosa,Forward,https://resources.premierleague.com/premierleague/photos/players/110x140/p444102.png,Premier League
Bournemouth,561245,Álvaro Rodríguez,Forward,https://resources.premierleague.com/premierleague/photos/players/110x140/p561245.png,Premier League
Bournemouth,40383,Fraser Forster,Goalkeeper,https://resources.premierleague.com/premierleague/photos/players/110x140/p40383.png,Premier League
Bournemouth,444172,Will Dennis,Goalkeeper,https://resources.premierleague.com/premierleague/photos/players/110x140/p444172.png,Premier League
Bournemouth,457569,Đorđe Petrović,Goalkeeper,https://resources.premierleague.com/premierleague/photos/players/110x140/p457569.png,Premier League
Bournemouth,503139,Alex Scott,Midfielder,https://resources.premierleague.com/premierleague/photos/players/110x140/p503139.png,Premier League
Bournemouth,614574,Alex Tóth,Midfielder,https://resources.premierleague.com/premierleague/photos/players/110x140/p614574.png,Premier League
Bournemouth,489888,Amine Adli,Midfielder,https://resources.premierleague.com/premierleague/photos/players/110x140/p489888.png,Premier League
Bournemouth,496208,Ben Gannon-Doak,Midfielder,https://resources.premierleague.com/premierleague/photos/players/110x140/p496208.png,Premier League
Bournemouth,111317,David Brooks,Midfielder,https://resources.premierleague.com/premierleague/photos/players/110x140/p111317.png,Premier League
Bournemouth,560262,Junior Kroupi,Midfielder,https://resources.premierleague.com/premierleague/photos/players/110x140/p560262.png,Premier League
Bournemouth,222683,Justin Kluivert,Midfielder,https://resources.premierleague.com/premierleague/photos/players/110x140/p222683.png,Premier League
Bournemouth,155408,Lewis Cook,Midfielder,https://resources.premierleague.com/premierleague/photos/players/110x140/p155408.png,Premier League
Bournemouth,201658,Marcus Tavernier,Midfielder,https://resources.premierleague.com/premierleague/photos/players/110x140/p201658.png,Premier League
Bournemouth,499604,Rayan Vitor Simplício Rocha,Midfielder,https://resources.premierleague.com/premierleague/photos/players/110x140/p499604.png,Premier League
Bournemouth,158499,Ryan Christie,Midfielder,https://resources.premierleague.com/premierleague/photos/players/110x140/p158499.png,Premier League
Bournemouth,200785,Tyler Adams,Midfielder,https://resources.premierleague.com/premierleague/photos/players/110x140/p200785.png,Premier League
Brentford,472713,Aaron Hickey,Defender,https://resources.premierleague.com/premierleague/photos/players/110x140/p472713.png,Premier League
Brentford,231065,Ethan Pinnock,Defender,https://resources.premierleague.com/premierleague/photos/players/110x140/p231065.png,Premier League
Brentford,513086,Jannik Schuster,Defender,https://resources.premierleague.com/premierleague/photos/players/110x140/p513086.png,Premier League
Brentford,570241,Kim Ji-soo,Defender,https://resources.premierleague.com/premierleague/photos/players/110x140/p570241.png,Premier League
Brentford,191866,Kristoffer Ajer,Defender,https://resources.premierleague.com/premierleague/photos/players/110x140/p191866.png,Premier League
Brentford,607464,Michael Kayode,Defender,https://resources.premierleague.com/premierleague/photos/players/110x140/p607464.png,Premier League
Brentford,432830,Nathan Collins,Defender,https://resources.premierleague.com/premierleague/photos/players/110x140/p432830.png,Premier League
Brentford,194010,Rico Henry,Defender,https://resources.premierleague.com/premierleague/photos/players/110x140/p194010.png,Premier League
Brentford,444765,Sepp van den Berg,Defender,https://resources.premierleague.com/premierleague/photos/players/110x140/p444765.png,Premier League
Brentford,75115,Callum Wilson,Forward,https://resources.premierleague.com/premierleague/photos/players/110x140/p75115.png,Premier League
Brentford,502500,Igor Thiago Nascimento Rodrigues,Forward,https://resources.premierleague.com/premierleague/photos/players/110x140/p502500.png,Premier League
Brentford,593174,Kaye Furo,Forward,https://resources.premierleague.com/premierleague/photos/players/110x140/p593174.png,Premier League
Brentford,200720,Caoimhín Kelleher,Goalkeeper,https://resources.premierleague.com/premierleague/photos/players/110x140/p200720.png,Premier League
Brentford,507433,Hákon Rafn Valdimarsson,Goalkeeper,https://resources.premierleague.com/premierleague/photos/players/110x140/p507433.png,Premier League
Brentford,543295,Antoni Milambo,Midfielder,https://resources.premierleague.com/premierleague/photos/players/110x140/p543295.png,Premier League
Brentford,533463,Dango Ouattara,Midfielder,https://resources.premierleague.com/premierleague/photos/players/110x140/p533463.png,Premier League
Brentford,244858,Fábio Freitas Gouveia Carvalho,Midfielder,https://resources.premierleague.com/premierleague/photos/players/110x140/p244858.png,Premier League
Brentford,444180,Jaidon Anthony,Midfielder,https://resources.premierleague.com/premierleague/photos/players/110x140/p444180.png,Premier League
Brentford,56979,Jordan Henderson,Midfielder,https://resources.premierleague.com/premierleague/photos/players/110x140/p56979.png,Premier League
Brentford,183656,Josh Dasilva,Midfielder,https://resources.premierleague.com/premierleague/photos/players/110x140/p183656.png,Premier League
Brentford,249231,Keane Lewis-Potter,Midfielder,https://resources.premierleague.com/premierleague/photos/players/110x140/p249231.png,Premier League
Brentford,513418,Kevin Schade,Midfielder,https://resources.premierleague.com/premierleague/photos/players/110x140/p513418.png,Premier League
Brentford,207283,Mathias Jensen,Midfielder,https://resources.premierleague.com/premierleague/photos/players/110x140/p207283.png,Premier League
Brentford,440089,Mikkel Damsgaard,Midfielder,https://resources.premierleague.com/premierleague/photos/players/110x140/p440089.png,Premier League
Brentford,204580,Vitaly Janelt,Midfielder,https://resources.premierleague.com/premierleague/photos/players/110x140/p204580.png,Premier League
Brentford,508395,Yehor Yarmoliuk,Midfielder,https://resources.premierleague.com/premierleague/photos/players/110x140/p508395.png,Premier League
Brighton,550090,Diego Coppola,Defender,https://resources.premierleague.com/premierleague/photos/players/110x140/p550090.png,Premier League
Brighton,231416,Ferdi Kadıoğlu,Defender,https://resources.premierleague.com/premierleague/photos/players/110x140/p231416.png,Premier League
Brighton,223434,Igor Julio dos Santos de Paulo,Defender,https://resources.premierleague.com/premierleague/photos/players/110x140/p223434.png,Premier League
Brighton,451490,João Pedro Loureiro da Costa,Defender,https://resources.premierleague.com/premierleague/photos/players/110x140/p451490.png,Premier League
Brighton,83299,Lewis Dunk,Defender,https://resources.premierleague.com/premierleague/photos/players/110x140/p83299.png,Premier League
Brighton,610799,Luka Vušković,Defender,https://resources.premierleague.com/premierleague/photos/players/110x140/p610799.png,Premier League
Brighton,467779,Mats Wieffer,Defender,https://resources.premierleague.com/premierleague/photos/players/110x140/p467779.png,Premier League
Brighton,465730,Maxim De Cuyper,Defender,https://resources.premierleague.com/premierleague/photos/players/110x140/p465730.png,Premier League
Brighton,454490,Michael Svoboda,Defender,https://resources.premierleague.com/premierleague/photos/players/110x140/p454490.png,Premier League
Brighton,204120,Olivier Boscagli,Defender,https://resources.premierleague.com/premierleague/photos/players/110x140/p204120.png,Premier League
Brighton,222694,Pascal Struijk,Defender,https://resources.premierleague.com/premierleague/photos/players/110x140/p222694.png,Premier League
Brighton,647850,Charalampos Kostoulas,Forward,https://resources.premierleague.com/premierleague/photos/players/110x140/p647850.png,Premier League
Brighton,50175,Danny Welbeck,Forward,https://resources.premierleague.com/premierleague/photos/players/110x140/p50175.png,Premier League
Brighton,487117,Evan Ferguson,Forward,https://resources.premierleague.com/premierleague/photos/players/110x140/p487117.png,Premier League
Brighton,463067,Georginio Rutter,Forward,https://resources.premierleague.com/premierleague/photos/players/110x140/p463067.png,Premier League
Brighton,608181,Stefanos Tzimas,Forward,https://resources.premierleague.com/premierleague/photos/players/110x140/p608181.png,Premier League
Brighton,489639,Bart Verbruggen,Goalkeeper,https://resources.premierleague.com/premierleague/photos/players/110x140/p489639.png,Premier League
Brighton,472739,Carl Rushworth,Goalkeeper,https://resources.premierleague.com/premierleague/photos/players/110x140/p472739.png,Premier League
Brighton,49262,Jason Steele,Goalkeeper,https://resources.premierleague.com/premierleague/photos/players/110x140/p49262.png,Premier League
Brighton,535301,Carlos Baleba,Midfielder,https://resources.premierleague.com/premierleague/photos/players/110x140/p535301.png,Premier League
Brighton,514254,Diego Gómez Amarilla,Midfielder,https://resources.premierleague.com/premierleague/photos/players/110x140/p514254.png,Premier League
Brighton,536916,Facundo Buonanotte,Midfielder,https://resources.premierleague.com/premierleague/photos/players/110x140/p536916.png,Premier League
Brighton,597320,Harry Howell,Midfielder,https://resources.premierleague.com/premierleague/photos/players/110x140/p597320.png,Premier League
Brighton,532529,Jack Hinshelwood,Midfielder,https://resources.premierleague.com/premierleague/photos/players/110x140/p532529.png,Premier League
Brighton,219249,Matt O'Riley,Midfielder,https://resources.premierleague.com/premierleague/photos/players/110x140/p219249.png,Premier League
Brighton,451340,Mitoma Kaoru,Midfielder,https://resources.premierleague.com/premierleague/photos/players/110x140/p451340.png,Premier League
Brighton,556637,Nehemiah Oriola,Midfielder,https://resources.premierleague.com/premierleague/photos/players/110x140/p556637.png,Premier League
Brighton,60307,Pascal Groß,Midfielder,https://resources.premierleague.com/premierleague/photos/players/110x140/p60307.png,Premier League
Brighton,549074,Tom Watson,Midfielder,https://resources.premierleague.com/premierleague/photos/players/110x140/p549074.png,Premier League
Brighton,592031,Yankuba Minteh,Midfielder,https://resources.premierleague.com/premierleague/photos/players/110x140/p592031.png,Premier League
Brighton,509416,Yasin Ayari,Midfielder,https://resources.premierleague.com/premierleague/photos/players/110x140/p509416.png,Premier League
Brighton,700308,Zadok Yohanna,Midfielder,https://resources.premierleague.com/premierleague/photos/players/110x140/p700308.png,Premier League
Chelsea,622758,Aaron Anselmino,Defender,https://resources.premierleague.com/premierleague/photos/players/110x140/p622758.png,Premier League
Chelsea,220362,Axel Disasi,Defender,https://resources.premierleague.com/premierleague/photos/players/110x140/p220362.png,Premier League
Chelsea,242880,Benoît Badiashile Mukinayi,Defender,https://resources.premierleague.com/premierleague/photos/players/110x140/p242880.png,Premier League
Chelsea,551210,Jorrel Hato,Defender,https://resources.premierleague.com/premierleague/photos/players/110x140/p551210.png,Premier League
Chelsea,577016,Josh Acheampong,Defender,https://resources.premierleague.com/premierleague/photos/players/110x140/p577016.png,Premier League
Chelsea,460028,Levi Samuels Colwill,Defender,https://resources.premierleague.com/premierleague/photos/players/110x140/p460028.png,Premier League
Chelsea,482609,Malo Gusto,Defender,https://resources.premierleague.com/premierleague/photos/players/110x140/p482609.png,Premier League
Chelsea,574458,Mamadou Sarr,Defender,https://resources.premierleague.com/premierleague/photos/players/110x140/p574458.png,Premier League
Chelsea,620109,Marco Palestra,Defender,https://resources.premierleague.com/premierleague/photos/players/110x140/p620109.png,Premier League
Chelsea,225796,Reece James,Defender,https://resources.premierleague.com/premierleague/photos/players/110x140/p225796.png,Premier League
Chelsea,109646,Tosin Adarabioyo,Defender,https://resources.premierleague.com/premierleague/photos/players/110x140/p109646.png,Premier League
Chelsea,180736,Trevoh Chalobah,Defender,https://resources.premierleague.com/premierleague/photos/players/110x140/p180736.png,Premier League
Chelsea,444463,Wesley Fofana,Defender,https://resources.premierleague.com/premierleague/photos/players/110x140/p444463.png,Premier League
Chelsea,503037,Emmanuel Emegha,Forward,https://resources.premierleague.com/premierleague/photos/players/110x140/p503037.png,Premier League
Chelsea,475168,João Pedro Junqueira de Jesus,Forward,https://resources.premierleague.com/premierleague/photos/players/110x140/p475168.png,Premier League
Chelsea,463034,Liam Delap,Forward,https://resources.premierleague.com/premierleague/photos/players/110x140/p463034.png,Premier League
Chelsea,499309,Marc Guiu Paz,Forward,https://resources.premierleague.com/premierleague/photos/players/110x140/p499309.png,Premier League
Chelsea,517052,Nicolas Jackson,Forward,https://resources.premierleague.com/premierleague/photos/players/110x140/p517052.png,Premier League
Chelsea,567119,Shumaira Mheuka,Forward,https://resources.premierleague.com/premierleague/photos/players/110x140/p567119.png,Premier League
Chelsea,508479,Filip Jörgensen,Goalkeeper,https://resources.premierleague.com/premierleague/photos/players/110x140/p508479.png,Premier League
Chelsea,549939,Mike Penders,Goalkeeper,https://resources.premierleague.com/premierleague/photos/players/110x140/p549939.png,Premier League
Chelsea,215059,Robert Lynch Sánchez,Goalkeeper,https://resources.premierleague.com/premierleague/photos/players/110x140/p215059.png,Premier League
Chelsea,244851,Cole Palmer,Midfielder,https://resources.premierleague.com/premierleague/photos/players/110x140/p244851.png,Premier League
Chelsea,491007,Dário Luís Essugo,Midfielder,https://resources.premierleague.com/premierleague/photos/players/110x140/p491007.png,Premier League
Chelsea,448047,Enzo Fernández,Midfielder,https://resources.premierleague.com/premierleague/photos/players/110x140/p448047.png,Premier League
Chelsea,624773,Estêvão Almeida de Oliveira Gonçalves,Midfielder,https://resources.premierleague.com/premierleague/photos/players/110x140/p624773.png,Premier League
Chelsea,593117,Geovany Quenda,Midfielder,https://resources.premierleague.com/premierleague/photos/players/110x140/p593117.png,Premier League
Chelsea,463936,Jamie Bynoe-Gittens,Midfielder,https://resources.premierleague.com/premierleague/photos/players/110x140/p463936.png,Premier League
Chelsea,486672,Moisés Caicedo Corozo,Midfielder,https://resources.premierleague.com/premierleague/photos/players/110x140/p486672.png,Premier League
Chelsea,244850,Morgan Rogers,Midfielder,https://resources.premierleague.com/premierleague/photos/players/110x140/p244850.png,Premier League
Chelsea,247632,Pedro Lomba Neto,Midfielder,https://resources.premierleague.com/premierleague/photos/players/110x140/p247632.png,Premier League
Chelsea,514356,Roméo Lavia,Midfielder,https://resources.premierleague.com/premierleague/photos/players/110x140/p514356.png,Premier League
Coventry,539142,Aurèle Amenda,Defender,https://resources.premierleague.com/premierleague/photos/players/110x140/p539142.png,Premier League
Coventry,461102,Bobby Thomas,Defender,https://resources.premierleague.com/premierleague/photos/players/110x140/p461102.png,Premier League
Coventry,80178,Jake Bidwell,Defender,https://resources.premierleague.com/premierleague/photos/players/110x140/p80178.png,Premier League
Coventry,173878,Jay Dasilva,Defender,https://resources.premierleague.com/premierleague/photos/players/110x140/p173878.png,Premier League
Coventry,204813,Joel Latibeaudiere,Defender,https://resources.premierleague.com/premierleague/photos/players/110x140/p204813.png,Premier League
Coventry,465390,Kaine Kesler-Hayden,Defender,https://resources.premierleague.com/premierleague/photos/players/110x140/p465390.png,Premier League
Coventry,436761,Liam Kitching,Defender,https://resources.premierleague.com/premierleague/photos/players/110x140/p436761.png,Premier League
Coventry,220583,Luke Woolfenden,Defender,https://resources.premierleague.com/premierleague/photos/players/110x140/p220583.png,Premier League
Coventry,577411,Miguel Brau,Defender,https://resources.premierleague.com/premierleague/photos/players/110x140/p577411.png,Premier League
Coventry,451284,Milan van Ewijk,Defender,https://resources.premierleague.com/premierleague/photos/players/110x140/p451284.png,Premier League
Coventry,230730,Brandon Thomas-Asante,Forward,https://resources.premierleague.com/premierleague/photos/players/110x140/p230730.png,Premier League
Coventry,218997,Ellis Simms,Forward,https://resources.premierleague.com/premierleague/photos/players/110x140/p218997.png,Premier League
Coventry,176412,Haji Wright,Forward,https://resources.premierleague.com/premierleague/photos/players/110x140/p176412.png,Premier League
Coventry,551262,Jahnoah Markelo,Forward,https://resources.premierleague.com/premierleague/photos/players/110x140/p551262.png,Premier League
Coventry,549653,Norman Bassette,Forward,https://resources.premierleague.com/premierleague/photos/players/110x140/p549653.png,Premier League
Coventry,110690,Ben Wilson,Goalkeeper,https://resources.premierleague.com/premierleague/photos/players/110x140/p110690.png,Premier League
Coventry,484389,Oliver Dovin,Goalkeeper,https://resources.premierleague.com/premierleague/photos/players/110x140/p484389.png,Premier League
Coventry,241293,Ephron Mason-Clark,Midfielder,https://resources.premierleague.com/premierleague/photos/players/110x140/p241293.png,Premier League
Coventry,428580,Frank Onyeka,Midfielder,https://resources.premierleague.com/premierleague/photos/players/110x140/p428580.png,Premier League
Coventry,684268,George Shepherd,Midfielder,https://resources.premierleague.com/premierleague/photos/players/110x140/p684268.png,Premier League
Coventry,480457,Jack Rudoni,Midfielder,https://resources.premierleague.com/premierleague/photos/players/110x140/p480457.png,Premier League
Coventry,439668,Josh Eccles,Midfielder,https://resources.premierleague.com/premierleague/photos/players/110x140/p439668.png,Premier League
Coventry,629397,Kaine Andrews,Midfielder,https://resources.premierleague.com/premierleague/photos/players/110x140/p629397.png,Premier League
Coventry,469272,Loum Tchaouna,Midfielder,https://resources.premierleague.com/premierleague/photos/players/110x140/p469272.png,Premier League
Coventry,168144,Matt Grimes,Midfielder,https://resources.premierleague.com/premierleague/photos/players/110x140/p168144.png,Premier League
Coventry,492498,Raphael Borges Rodrigues,Midfielder,https://resources.premierleague.com/premierleague/photos/players/110x140/p492498.png,Premier League
Coventry,501459,Tatsuhiro Sakamoto,Midfielder,https://resources.premierleague.com/premierleague/photos/players/110x140/p501459.png,Premier League
Coventry,226965,Victor Torp,Midfielder,https://resources.premierleague.com/premierleague/photos/players/110x140/p226965.png,Premier League
Crystal Palace,218364,Borna Sosa,Defender,https://resources.premierleague.com/premierleague/photos/players/110x140/p218364.png,Premier League
Crystal Palace,515621,Chadi Riad Dnanou,Defender,https://resources.premierleague.com/premierleague/photos/players/110x140/p515621.png,Premier League
Crystal Palace,427623,Chris Richards,Defender,https://resources.premierleague.com/premierleague/photos/players/110x140/p427623.png,Premier League
Crystal Palace,247348,Daniel Muñoz Mejía,Defender,https://resources.premierleague.com/premierleague/photos/players/110x140/p247348.png,Premier League
Crystal Palace,651426,Jaydee Canvot,Defender,https://resources.premierleague.com/premierleague/photos/players/110x140/p651426.png,Premier League
Crystal Palace,437499,Maxence Lacroix,Defender,https://resources.premierleague.com/premierleague/photos/players/110x140/p437499.png,Premier League
Crystal Palace,242313,Oscar Mingueza,Defender,https://resources.premierleague.com/premierleague/photos/players/110x140/p242313.png,Premier League
Crystal Palace,590014,Rio Cardines,Defender,https://resources.premierleague.com/premierleague/photos/players/110x140/p590014.png,Premier League
Crystal Palace,244723,Tyrick Mitchell,Defender,https://resources.premierleague.com/premierleague/photos/players/110x140/p244723.png,Premier League
Crystal Palace,660392,Christantus Uche,Forward,https://resources.premierleague.com/premierleague/photos/players/110x140/p660392.png,Premier League
Crystal Palace,205533,Eddie Nketiah,Forward,https://resources.premierleague.com/premierleague/photos/players/110x140/p205533.png,Premier League
Crystal Palace,231747,Jean-Philippe Mateta,Forward,https://resources.premierleague.com/premierleague/photos/players/110x140/p231747.png,Premier League
Crystal Palace,247412,Jørgen Strand Larsen,Forward,https://resources.premierleague.com/premierleague/photos/players/110x140/p247412.png,Premier League
Crystal Palace,172649,Dean Henderson,Goalkeeper,https://resources.premierleague.com/premierleague/photos/players/110x140/p172649.png,Premier League
Crystal Palace,169593,Remi Matthews,Goalkeeper,https://resources.premierleague.com/premierleague/photos/players/110x140/p169593.png,Premier League
Crystal Palace,121709,Walter Benítez,Goalkeeper,https://resources.premierleague.com/premierleague/photos/players/110x140/p121709.png,Premier League
Crystal Palace,496221,Adam Wharton,Midfielder,https://resources.premierleague.com/premierleague/photos/players/110x140/p496221.png,Premier League
Crystal Palace,242898,Brennan Johnson,Midfielder,https://resources.premierleague.com/premierleague/photos/players/110x140/p242898.png,Premier League
Crystal Palace,438464,Cheick Doucouré,Midfielder,https://resources.premierleague.com/premierleague/photos/players/110x140/p438464.png,Premier League
Crystal Palace,209400,Daichi Kamada,Midfielder,https://resources.premierleague.com/premierleague/photos/players/110x140/p209400.png,Premier League
Crystal Palace,232185,Ismaïla Sarr,Midfielder,https://resources.premierleague.com/premierleague/photos/players/110x140/p232185.png,Premier League
Crystal Palace,152551,Jefferson Lerma Solís,Midfielder,https://resources.premierleague.com/premierleague/photos/players/110x140/p152551.png,Premier League
Crystal Palace,450542,Jesurun Rak-Sakyi,Midfielder,https://resources.premierleague.com/premierleague/photos/players/110x140/p450542.png,Premier League
Crystal Palace,672492,Joél Drakes-Thomas,Midfielder,https://resources.premierleague.com/premierleague/photos/players/110x140/p672492.png,Premier League
Crystal Palace,489706,Justin Devenny,Midfielder,https://resources.premierleague.com/premierleague/photos/players/110x140/p489706.png,Premier League
Crystal Palace,536694,Matheus França de Oliveira,Midfielder,https://resources.premierleague.com/premierleague/photos/players/110x140/p536694.png,Premier League
Crystal Palace,606921,Romain Esse,Midfielder,https://resources.premierleague.com/premierleague/photos/players/110x140/p606921.png,Premier League
Crystal Palace,108413,Will Hughes,Midfielder,https://resources.premierleague.com/premierleague/photos/players/110x140/p108413.png,Premier League
Crystal Palace,488024,Yéremy Pino Santos,Midfielder,https://resources.premierleague.com/premierleague/photos/players/110x140/p488024.png,Premier League
Everton,499300,Adam Aznou,Defender,https://resources.premierleague.com/premierleague/photos/players/110x140/p499300.png,Premier League
Everton,512462,Jake O'Brien,Defender,https://resources.premierleague.com/premierleague/photos/players/110x140/p512462.png,Premier League
Everton,17761,James Tarkowski,Defender,https://resources.premierleague.com/premierleague/photos/players/110x140/p17761.png,Premier League
Everton,480455,Jarrad Branthwaite,Defender,https://resources.premierleague.com/premierleague/photos/players/110x140/p480455.png,Premier League
Everton,106611,Michael Keane,Defender,https://resources.premierleague.com/premierleague/photos/players/110x140/p106611.png,Premier League
Everton,243571,Nathan Patterson,Defender,https://resources.premierleague.com/premierleague/photos/players/110x140/p243571.png,Premier League
Everton,224967,Vitalii Mykolenko,Defender,https://resources.premierleague.com/premierleague/photos/players/110x140/p224967.png,Premier League
Everton,486385,Norberto Bercique Gomes Betuncal,Forward,https://resources.premierleague.com/premierleague/photos/players/110x140/p486385.png,Premier League
Everton,586309,Thierno Barry,Forward,https://resources.premierleague.com/premierleague/photos/players/110x140/p586309.png,Premier League
Everton,111234,Jordan Pickford,Goalkeeper,https://resources.premierleague.com/premierleague/photos/players/110x140/p111234.png,Premier League
Everton,229600,Mark Travers,Goalkeeper,https://resources.premierleague.com/premierleague/photos/players/110x140/p229600.png,Premier League
Everton,138001,Tom King,Goalkeeper,https://resources.premierleague.com/premierleague/photos/players/110x140/p138001.png,Premier League
Everton,502697,Carlos Alcaraz Durán,Midfielder,https://resources.premierleague.com/premierleague/photos/players/110x140/p502697.png,Premier League
Everton,433154,Dwight McNeil,Midfielder,https://resources.premierleague.com/premierleague/photos/players/110x140/p433154.png,Premier League
Everton,609873,Harrison Armstrong,Midfielder,https://resources.premierleague.com/premierleague/photos/players/110x140/p609873.png,Premier League
Everton,244860,Hayden Hackney,Midfielder,https://resources.premierleague.com/premierleague/photos/players/110x140/p244860.png,Premier League
Everton,440993,Iliman Ndiaye,Midfielder,https://resources.premierleague.com/premierleague/photos/players/110x140/p440993.png,Premier League
Everton,232928,James Garner,Midfielder,https://resources.premierleague.com/premierleague/photos/players/110x140/p232928.png,Premier League
Everton,215413,Kiernan Dewsbury-Hall,Midfielder,https://resources.premierleague.com/premierleague/photos/players/110x140/p215413.png,Premier League
Everton,513466,Merlin Röhl,Midfielder,https://resources.premierleague.com/premierleague/photos/players/110x140/p513466.png,Premier League
Everton,490094,Tim Iroegbunam,Midfielder,https://resources.premierleague.com/premierleague/photos/players/110x140/p490094.png,Premier League
Everton,496661,Tyler Dibling,Midfielder,https://resources.premierleague.com/premierleague/photos/players/110x140/p496661.png,Premier League
Everton,550615,Tyrique George,Midfielder,https://resources.premierleague.com/premierleague/photos/players/110x140/p550615.png,Premier League
Fulham,169528,Antonee Robinson,Defender,https://resources.premierleague.com/premierleague/photos/players/110x140/p169528.png,Premier League
Fulham,232892,Calvin Bassey,Defender,https://resources.premierleague.com/premierleague/photos/players/110x140/p232892.png,Premier League
Fulham,174874,Joachim Andersen,Defender,https://resources.premierleague.com/premierleague/photos/players/110x140/p174874.png,Premier League
Fulham,246301,Jorge Cuenca Barreno,Defender,https://resources.premierleague.com/premierleague/photos/players/110x140/p246301.png,Premier League
Fulham,167074,Kenny Tete,Defender,https://resources.premierleague.com/premierleague/photos/players/110x140/p167074.png,Premier League
Fulham,184349,Ryan Sessegnon,Defender,https://resources.premierleague.com/premierleague/photos/players/110x140/p184349.png,Premier League
Fulham,166477,Timothy Castagne,Defender,https://resources.premierleague.com/premierleague/photos/players/110x140/p166477.png,Premier League
Fulham,631786,Jonah Kusi-Asare,Forward,https://resources.premierleague.com/premierleague/photos/players/110x140/p631786.png,Premier League
Fulham,244042,Rodrigo Muniz Carvalho,Forward,https://resources.premierleague.com/premierleague/photos/players/110x140/p244042.png,Premier League
Fulham,505079,Alfie McNally,Goalkeeper,https://resources.premierleague.com/premierleague/photos/players/110x140/p505079.png,Premier League
Fulham,86873,Benjamin Lecomte,Goalkeeper,https://resources.premierleague.com/premierleague/photos/players/110x140/p86873.png,Premier League
Fulham,80201,Bernd Leno,Goalkeeper,https://resources.premierleague.com/premierleague/photos/players/110x140/p80201.png,Premier League
Fulham,153133,Alex Iwobi,Midfielder,https://resources.premierleague.com/premierleague/photos/players/110x140/p153133.png,Premier League
Fulham,209289,Emile Smith Rowe,Midfielder,https://resources.premierleague.com/premierleague/photos/players/110x140/p209289.png,Premier League
Fulham,153366,Harrison Reed,Midfielder,https://resources.premierleague.com/premierleague/photos/players/110x140/p153366.png,Premier League
Fulham,577725,Josh King,Midfielder,https://resources.premierleague.com/premierleague/photos/players/110x140/p577725.png,Premier League
Fulham,560552,Kevin Santos Lopes de Macedo,Midfielder,https://resources.premierleague.com/premierleague/photos/players/110x140/p560552.png,Premier League
Fulham,477555,Oscar Bobb,Midfielder,https://resources.premierleague.com/premierleague/photos/players/110x140/p477555.png,Premier League
Fulham,207189,Sander Berge,Midfielder,https://resources.premierleague.com/premierleague/photos/players/110x140/p207189.png,Premier League
Fulham,212314,Saša Lukić,Midfielder,https://resources.premierleague.com/premierleague/photos/players/110x140/p212314.png,Premier League
Fulham,76357,Tom Cairney,Midfielder,https://resources.premierleague.com/premierleague/photos/players/110x140/p76357.png,Premier League
Hull,661800,Cathal McCarthy,Defender,https://resources.premierleague.com/premierleague/photos/players/110x140/p661800.png,Premier League
Hull,501902,Charlie Hughes,Defender,https://resources.premierleague.com/premierleague/photos/players/110x140/p501902.png,Premier League
Hull,433590,Cody Drameh,Defender,https://resources.premierleague.com/premierleague/photos/players/110x140/p433590.png,Premier League
Hull,108416,John Egan,Defender,https://resources.premierleague.com/premierleague/photos/players/110x140/p108416.png,Premier League
Hull,193278,Lewie Coyle,Defender,https://resources.premierleague.com/premierleague/photos/players/110x140/p193278.png,Premier League
Hull,169359,Matt Targett,Defender,https://resources.premierleague.com/premierleague/photos/players/110x140/p169359.png,Premier League
Hull,449428,Matty Jacob,Defender,https://resources.premierleague.com/premierleague/photos/players/110x140/p449428.png,Premier League
Hull,160817,Paddy McNair,Defender,https://resources.premierleague.com/premierleague/photos/players/110x140/p160817.png,Premier League
Hull,232351,Ryan Giles,Defender,https://resources.premierleague.com/premierleague/photos/players/110x140/p232351.png,Premier League
Hull,146426,Semi Ajayi,Defender,https://resources.premierleague.com/premierleague/photos/players/110x140/p146426.png,Premier League
Hull,500957,Enis Destan,Forward,https://resources.premierleague.com/premierleague/photos/players/110x140/p500957.png,Premier League
Hull,534392,Mason Burstow,Forward,https://resources.premierleague.com/premierleague/photos/players/110x140/p534392.png,Premier League
Hull,169432,Oli McBurnie,Forward,https://resources.premierleague.com/premierleague/photos/players/110x140/p169432.png,Premier League
Hull,167825,Dillon Phillips,Goalkeeper,https://resources.premierleague.com/premierleague/photos/players/110x140/p167825.png,Premier League
Hull,494950,Harvey Cartwright,Goalkeeper,https://resources.premierleague.com/premierleague/photos/players/110x140/p494950.png,Premier League
Hull,105666,Jack Butland,Goalkeeper,https://resources.premierleague.com/premierleague/photos/players/110x140/p105666.png,Premier League
Hull,444307,Thimothée Lo-Tutala,Goalkeeper,https://resources.premierleague.com/premierleague/photos/players/110x140/p444307.png,Premier League
Hull,208481,Abdülkadir Ömür,Midfielder,https://resources.premierleague.com/premierleague/photos/players/110x140/p208481.png,Premier League
Hull,490161,Abu Kamara,Midfielder,https://resources.premierleague.com/premierleague/photos/players/110x140/p490161.png,Premier League
Hull,470294,Darko Gyabi,Midfielder,https://resources.premierleague.com/premierleague/photos/players/110x140/p470294.png,Premier League
Hull,213292,David Akintola,Midfielder,https://resources.premierleague.com/premierleague/photos/players/110x140/p213292.png,Premier League
Hull,465525,Eliot Matazo,Midfielder,https://resources.premierleague.com/premierleague/photos/players/110x140/p465525.png,Premier League
Hull,445028,Hidemasa Morita,Midfielder,https://resources.premierleague.com/premierleague/photos/players/110x140/p445028.png,Premier League
Hull,171270,Kieran Dowell,Midfielder,https://resources.premierleague.com/premierleague/photos/players/110x140/p171270.png,Premier League
Hull,232905,Liam Millar,Midfielder,https://resources.premierleague.com/premierleague/photos/players/110x140/p232905.png,Premier League
Hull,101282,Matt Crooks,Midfielder,https://resources.premierleague.com/premierleague/photos/players/110x140/p101282.png,Premier League
Hull,540324,Mohamed Belloumi,Midfielder,https://resources.premierleague.com/premierleague/photos/players/110x140/p540324.png,Premier League
Hull,243413,Regan Slater,Midfielder,https://resources.premierleague.com/premierleague/photos/players/110x140/p243413.png,Premier League
Hull,553783,Óscar Zambrano,Midfielder,https://resources.premierleague.com/premierleague/photos/players/110x140/p553783.png,Premier League
Ipswich,222018,Ben Johnson,Defender,https://resources.premierleague.com/premierleague/photos/players/110x140/p222018.png,Premier League
Ipswich,183015,Cédric Kipré,Defender,https://resources.premierleague.com/premierleague/photos/players/110x140/p183015.png,Premier League
Ipswich,216616,Dara O'Shea,Defender,https://resources.premierleague.com/premierleague/photos/players/110x140/p216616.png,Premier League
Ipswich,176420,Darnell Furlong,Defender,https://resources.premierleague.com/premierleague/photos/players/110x140/p176420.png,Premier League
Ipswich,219924,Issa Diop,Defender,https://resources.premierleague.com/premierleague/photos/players/110x140/p219924.png,Premier League
Ipswich,449429,Jacob Greaves,Defender,https://resources.premierleague.com/premierleague/photos/players/110x140/p449429.png,Premier League
Ipswich,455084,Leif Davis,Defender,https://resources.premierleague.com/premierleague/photos/players/110x140/p455084.png,Premier League
Ipswich,462387,Ali Al-Hamadi,Forward,https://resources.premierleague.com/premierleague/photos/players/110x140/p462387.png,Premier League
Ipswich,147675,Chuba Akpom,Forward,https://resources.premierleague.com/premierleague/photos/players/110x140/p147675.png,Premier League
Ipswich,543968,Emersonn Correia da Silva,Forward,https://resources.premierleague.com/premierleague/photos/players/110x140/p543968.png,Premier League
Ipswich,222625,George Hirst,Forward,https://resources.premierleague.com/premierleague/photos/players/110x140/p222625.png,Premier League
Ipswich,557012,Sindre Walle Egeli,Forward,https://resources.premierleague.com/premierleague/photos/players/110x140/p557012.png,Premier League
Ipswich,112520,Alex Palmer,Goalkeeper,https://resources.premierleague.com/premierleague/photos/players/110x140/p112520.png,Premier League
Ipswich,108813,Christian Walton,Goalkeeper,https://resources.premierleague.com/premierleague/photos/players/110x140/p108813.png,Premier League
Ipswich,50093,David Button,Goalkeeper,https://resources.premierleague.com/premierleague/photos/players/110x140/p50093.png,Premier League
Ipswich,546600,Kayne van Oevelen,Goalkeeper,https://resources.premierleague.com/premierleague/photos/players/110x140/p546600.png,Premier League
Ipswich,531442,Abdul Fatawu,Midfielder,https://resources.premierleague.com/premierleague/photos/players/110x140/p531442.png,Premier League
Ipswich,232457,Anis Mehmeti,Midfielder,https://resources.premierleague.com/premierleague/photos/players/110x140/p232457.png,Premier League
Ipswich,241117,Azor Matusiwa,Midfielder,https://resources.premierleague.com/premierleague/photos/players/110x140/p241117.png,Premier League
Ipswich,229164,Chiedozie Ogbene,Midfielder,https://resources.premierleague.com/premierleague/photos/players/110x140/p229164.png,Premier League
Ipswich,442967,Daizen Maeda,Midfielder,https://resources.premierleague.com/premierleague/photos/players/110x140/p442967.png,Premier League
Ipswich,443261,Jack Clarke,Midfielder,https://resources.premierleague.com/premierleague/photos/players/110x140/p443261.png,Premier League
Ipswich,231899,Jack Taylor,Midfielder,https://resources.premierleague.com/premierleague/photos/players/110x140/p231899.png,Premier League
Ipswich,481624,Jaden Philogene,Midfielder,https://resources.premierleague.com/premierleague/photos/players/110x140/p481624.png,Premier League
Ipswich,461587,Kasey McAteer,Midfielder,https://resources.premierleague.com/premierleague/photos/players/110x140/p461587.png,Premier League
Ipswich,501390,Marcelino Núñez,Midfielder,https://resources.premierleague.com/premierleague/photos/players/110x140/p501390.png,Premier League
Ipswich,172453,Sam Szmodics,Midfielder,https://resources.premierleague.com/premierleague/photos/players/110x140/p172453.png,Premier League
Ipswich,149929,Wes Burns,Midfielder,https://resources.premierleague.com/premierleague/photos/players/110x140/p149929.png,Premier League
Leeds,243526,Gabriel Gudmundsson,Defender,https://resources.premierleague.com/premierleague/photos/players/110x140/p243526.png,Premier League
Leeds,434752,Jaka Bijol,Defender,https://resources.premierleague.com/premierleague/photos/players/110x140/p434752.png,Premier League
Leeds,220627,James Justin,Defender,https://resources.premierleague.com/premierleague/photos/players/110x140/p220627.png,Premier League
Leeds,226182,Jayden Bogle,Defender,https://resources.premierleague.com/premierleague/photos/players/110x140/p226182.png,Premier League
Leeds,214225,Joe Rodon,Defender,https://resources.premierleague.com/premierleague/photos/players/110x140/p214225.png,Premier League
Leeds,437738,Sebastiaan Bornauw,Defender,https://resources.premierleague.com/premierleague/photos/players/110x140/p437738.png,Premier League
Leeds,522047,Tarik Muharemović,Defender,https://resources.premierleague.com/premierleague/photos/players/110x140/p522047.png,Premier League
Leeds,177815,Dominic Calvert-Lewin,Forward,https://resources.premierleague.com/premierleague/photos/players/110x140/p177815.png,Premier League
Leeds,235826,Joël Piroe,Forward,https://resources.premierleague.com/premierleague/photos/players/110x140/p235826.png,Premier League
Leeds,174594,Lukas Nmecha,Forward,https://resources.premierleague.com/premierleague/photos/players/110x140/p174594.png,Premier League
Leeds,565297,Mateo Joseph Fernández-Regatillo,Forward,https://resources.premierleague.com/premierleague/photos/players/110x140/p565297.png,Premier League
Leeds,201595,Lucas Estella Perri,Goalkeeper,https://resources.premierleague.com/premierleague/photos/players/110x140/p201595.png,Premier League
Leeds,466525,Anton Stach,Midfielder,https://resources.premierleague.com/premierleague/photos/players/110x140/p466525.png,Premier League
Leeds,427637,Brenden Aaronson,Midfielder,https://resources.premierleague.com/premierleague/photos/players/110x140/p427637.png,Premier League
Leeds,200617,Daniel James,Midfielder,https://resources.premierleague.com/premierleague/photos/players/110x140/p200617.png,Premier League
Leeds,199598,Ethan Ampadu,Midfielder,https://resources.premierleague.com/premierleague/photos/players/110x140/p199598.png,Premier League
Leeds,153682,Harry Wilson,Midfielder,https://resources.premierleague.com/premierleague/photos/players/110x140/p153682.png,Premier League
Leeds,486520,Ilia Gruev,Midfielder,https://resources.premierleague.com/premierleague/photos/players/110x140/p486520.png,Premier League
Leeds,221399,Jack Harrison,Midfielder,https://resources.premierleague.com/premierleague/photos/players/110x140/p221399.png,Premier League
Leeds,462635,Joe Gelhardt,Midfielder,https://resources.premierleague.com/premierleague/photos/players/110x140/p462635.png,Premier League
Leeds,435997,Noah Okafor,Midfielder,https://resources.premierleague.com/premierleague/photos/players/110x140/p435997.png,Premier League
Leeds,180135,Sean Longstaff,Midfielder,https://resources.premierleague.com/premierleague/photos/players/110x140/p180135.png,Premier League
Leeds,248056,Tanaka Ao,Midfielder,https://resources.premierleague.com/premierleague/photos/players/110x140/p248056.png,Premier League
Leeds,492859,Wilfried Gnonto,Midfielder,https://resources.premierleague.com/premierleague/photos/players/110x140/p492859.png,Premier League
Liverpool,489580,Calvin Ramsay,Defender,https://resources.premierleague.com/premierleague/photos/players/110x140/p489580.png,Premier League
Liverpool,492777,Conor Bradley,Defender,https://resources.premierleague.com/premierleague/photos/players/110x140/p492777.png,Premier League
Liverpool,647681,Giovanni Leoni,Defender,https://resources.premierleague.com/premierleague/photos/players/110x140/p647681.png,Premier League
Liverpool,216094,Jeremie Frimpong,Defender,https://resources.premierleague.com/premierleague/photos/players/110x140/p216094.png,Premier League
Liverpool,606702,Jeremy Jacquet,Defender,https://resources.premierleague.com/premierleague/photos/players/110x140/p606702.png,Premier League
Liverpool,171287,Joe Gomez,Defender,https://resources.premierleague.com/premierleague/photos/players/110x140/p171287.png,Premier League
Liverpool,214285,Kostas Tsimikas,Defender,https://resources.premierleague.com/premierleague/photos/players/110x140/p214285.png,Premier League
Liverpool,544877,Milos Kerkez,Defender,https://resources.premierleague.com/premierleague/photos/players/110x140/p544877.png,Premier League
Liverpool,97032,Virgil van Dijk,Defender,https://resources.premierleague.com/premierleague/photos/players/110x140/p97032.png,Premier League
Liverpool,519440,Wellity Lucky,Defender,https://resources.premierleague.com/premierleague/photos/players/110x140/p519440.png,Premier League
Liverpool,219168,Alexander Isak,Forward,https://resources.premierleague.com/premierleague/photos/players/110x140/p219168.png,Premier League
Liverpool,510663,Hugo Ekitiké,Forward,https://resources.premierleague.com/premierleague/photos/players/110x140/p510663.png,Premier League
Liverpool,500058,Jayden Danns,Forward,https://resources.premierleague.com/premierleague/photos/players/110x140/p500058.png,Premier League
Liverpool,116535,Alisson Becker,Goalkeeper,https://resources.premierleague.com/premierleague/photos/players/110x140/p116535.png,Premier League
Liverpool,586268,Armin Pecsi,Goalkeeper,https://resources.premierleague.com/premierleague/photos/players/110x140/p586268.png,Premier League
Liverpool,155503,Freddie Woodman,Goalkeeper,https://resources.premierleague.com/premierleague/photos/players/110x140/p155503.png,Premier League
Liverpool,449027,Giorgi Mamardashvili,Goalkeeper,https://resources.premierleague.com/premierleague/photos/players/110x140/p449027.png,Premier League
Liverpool,464353,Harvey Davies,Goalkeeper,https://resources.premierleague.com/premierleague/photos/players/110x140/p464353.png,Premier League
Liverpool,432987,Vitezslav Jaros,Goalkeeper,https://resources.premierleague.com/premierleague/photos/players/110x140/p432987.png,Premier League
Liverpool,243016,Alexis Mac Allister,Midfielder,https://resources.premierleague.com/premierleague/photos/players/110x140/p243016.png,Premier League
Liverpool,243298,Cody Gakpo,Midfielder,https://resources.premierleague.com/premierleague/photos/players/110x140/p243298.png,Premier League
Liverpool,206915,Curtis Jones,Midfielder,https://resources.premierleague.com/premierleague/photos/players/110x140/p206915.png,Premier League
Liverpool,424876,Dominik Szoboszlai,Midfielder,https://resources.premierleague.com/premierleague/photos/players/110x140/p424876.png,Premier League
Liverpool,158983,Endo Wataru,Midfielder,https://resources.premierleague.com/premierleague/photos/players/110x140/p158983.png,Premier League
Liverpool,223541,Federico Chiesa,Midfielder,https://resources.premierleague.com/premierleague/photos/players/110x140/p223541.png,Premier League
Liverpool,494595,Florian Wirtz,Midfielder,https://resources.premierleague.com/premierleague/photos/players/110x140/p494595.png,Premier League
Liverpool,444884,Harvey Elliott,Midfielder,https://resources.premierleague.com/premierleague/photos/players/110x140/p444884.png,Premier League
Liverpool,491501,James McConnell,Midfielder,https://resources.premierleague.com/premierleague/photos/players/110x140/p491501.png,Premier League
Liverpool,514514,Lewis Koumas,Midfielder,https://resources.premierleague.com/premierleague/photos/players/110x140/p514514.png,Premier League
Liverpool,611922,Rio Ngumoha,Midfielder,https://resources.premierleague.com/premierleague/photos/players/110x140/p611922.png,Premier League
Liverpool,441266,Ryan Gravenberch,Midfielder,https://resources.premierleague.com/premierleague/photos/players/110x140/p441266.png,Premier League
Liverpool,535928,Stefan Bajčetić Maquieira,Midfielder,https://resources.premierleague.com/premierleague/photos/players/110x140/p535928.png,Premier League
Liverpool,591386,Trey Nyoni,Midfielder,https://resources.premierleague.com/premierleague/photos/players/110x140/p591386.png,Premier League
Liverpool,551499,Victor Munoz,Midfielder,https://resources.premierleague.com/premierleague/photos/players/110x140/p551499.png,Premier League
Man City,578153,Abdukodir Khusanov,Defender,https://resources.premierleague.com/premierleague/photos/players/110x140/p578153.png,Premier League
Man City,477424,Joško Gvardiol,Defender,https://resources.premierleague.com/premierleague/photos/players/110x140/p477424.png,Premier League
Man City,209036,Marc Guéhi,Defender,https://resources.premierleague.com/premierleague/photos/players/110x140/p209036.png,Premier League
Man City,465351,Matheus Nunes,Defender,https://resources.premierleague.com/premierleague/photos/players/110x140/p465351.png,Premier League
Man City,494307,Max Alleyne,Defender,https://resources.premierleague.com/premierleague/photos/players/110x140/p494307.png,Premier League
Man City,472769,Nico O'Reilly,Defender,https://resources.premierleague.com/premierleague/photos/players/110x140/p472769.png,Premier League
Man City,448514,Rayan Aït-Nouri,Defender,https://resources.premierleague.com/premierleague/photos/players/110x140/p448514.png,Premier League
Man City,477064,Rico Lewis,Defender,https://resources.premierleague.com/premierleague/photos/players/110x140/p477064.png,Premier League
Man City,171314,Rúben dos Santos Gato Alves Dias,Defender,https://resources.premierleague.com/premierleague/photos/players/110x140/p171314.png,Premier League
Man City,616222,Vitor de Oliveira Nunes dos Reis,Defender,https://resources.premierleague.com/premierleague/photos/players/110x140/p616222.png,Premier League
Man City,223094,Erling Haaland,Forward,https://resources.premierleague.com/premierleague/photos/players/110x140/p223094.png,Premier League
Man City,438234,Omar Marmoush,Forward,https://resources.premierleague.com/premierleague/photos/players/110x140/p438234.png,Premier League
Man City,204936,Gianluigi Donnarumma,Goalkeeper,https://resources.premierleague.com/premierleague/photos/players/110x140/p204936.png,Premier League
Man City,432720,James Trafford,Goalkeeper,https://resources.premierleague.com/premierleague/photos/players/110x140/p432720.png,Premier League
Man City,122074,Marcus Bettinelli,Goalkeeper,https://resources.premierleague.com/premierleague/photos/players/110x140/p122074.png,Premier League
Man City,437730,Antoine Semenyo,Midfielder,https://resources.premierleague.com/premierleague/photos/players/110x140/p437730.png,Premier League
Man City,575204,Claudio Echeverri,Midfielder,https://resources.premierleague.com/premierleague/photos/players/110x140/p575204.png,Premier League
Man City,590039,Divine Mukasa,Midfielder,https://resources.premierleague.com/premierleague/photos/players/110x140/p590039.png,Premier League
Man City,215379,Elliot Anderson,Midfielder,https://resources.premierleague.com/premierleague/photos/players/110x140/p215379.png,Premier League
Man City,114283,Jack Grealish,Midfielder,https://resources.premierleague.com/premierleague/photos/players/110x140/p114283.png,Premier League
Man City,649208,Jeremy Monga,Midfielder,https://resources.premierleague.com/premierleague/photos/players/110x140/p649208.png,Premier League
Man City,248875,Jérémy Doku,Midfielder,https://resources.premierleague.com/premierleague/photos/players/110x140/p248875.png,Premier League
Man City,155405,Kalvin Phillips,Midfielder,https://resources.premierleague.com/premierleague/photos/players/110x140/p155405.png,Premier League
Man City,91651,Mateo Kovačić,Midfielder,https://resources.premierleague.com/premierleague/photos/players/110x140/p91651.png,Premier League
Man City,465694,Nico González Iglesias,Midfielder,https://resources.premierleague.com/premierleague/photos/players/110x140/p465694.png,Premier League
Man City,209244,Phil Foden,Midfielder,https://resources.premierleague.com/premierleague/photos/players/110x140/p209244.png,Premier League
Man City,466052,Rayan Cherki,Midfielder,https://resources.premierleague.com/premierleague/photos/players/110x140/p466052.png,Premier League
Man City,220566,Rodrigo 'Rodri' Hernandez Cascante,Midfielder,https://resources.premierleague.com/premierleague/photos/players/110x140/p220566.png,Premier League
Man City,510281,Sávio Moreira de Oliveira,Midfielder,https://resources.premierleague.com/premierleague/photos/players/110x140/p510281.png,Premier League
Man City,433036,Tijjani Reijnders,Midfielder,https://resources.premierleague.com/premierleague/photos/players/110x140/p433036.png,Premier League
Man United,606745,Ayden Heaven,Defender,https://resources.premierleague.com/premierleague/photos/players/110x140/p606745.png,Premier League
Man United,216051,Diogo Dalot Teixeira,Defender,https://resources.premierleague.com/premierleague/photos/players/110x140/p216051.png,Premier League
Man United,577974,Harry Amass,Defender,https://resources.premierleague.com/premierleague/photos/players/110x140/p577974.png,Premier League
Man United,95658,Harry Maguire,Defender,https://resources.premierleague.com/premierleague/photos/players/110x140/p95658.png,Premier League
Man United,550864,Leny Yoro,Defender,https://resources.premierleague.com/premierleague/photos/players/110x140/p550864.png,Premier League
Man United,221820,Lisandro Martínez,Defender,https://resources.premierleague.com/premierleague/photos/players/110x140/p221820.png,Premier League
Man United,106760,Luke Shaw,Defender,https://resources.premierleague.com/premierleague/photos/players/110x140/p106760.png,Premier League
Man United,209365,Matthijs de Ligt,Defender,https://resources.premierleague.com/premierleague/photos/players/110x140/p209365.png,Premier League
Man United,230001,Noussair Mazraoui,Defender,https://resources.premierleague.com/premierleague/photos/players/110x140/p230001.png,Premier League
Man United,547676,Tyler Fredricson,Defender,https://resources.premierleague.com/premierleague/photos/players/110x140/p547676.png,Premier League
Man United,485711,Benjamin Sesko,Forward,https://resources.premierleague.com/premierleague/photos/players/110x140/p485711.png,Premier League
Man United,596047,Chido Obi,Forward,https://resources.premierleague.com/premierleague/photos/players/110x140/p596047.png,Premier League
Man United,458249,Joshua Zirkzee,Forward,https://resources.premierleague.com/premierleague/photos/players/110x140/p458249.png,Premier League
Man United,451302,Altay Bayındır,Goalkeeper,https://resources.premierleague.com/premierleague/photos/players/110x140/p451302.png,Premier League
Man United,59735,Karl Darlow,Goalkeeper,https://resources.premierleague.com/premierleague/photos/players/110x140/p59735.png,Premier League
Man United,465247,Senne Lammens,Goalkeeper,https://resources.premierleague.com/premierleague/photos/players/110x140/p465247.png,Premier League
Man United,21205,Tom Heaton,Goalkeeper,https://resources.premierleague.com/premierleague/photos/players/110x140/p21205.png,Premier League
Man United,493250,Amad Diallo,Midfielder,https://resources.premierleague.com/premierleague/photos/players/110x140/p493250.png,Premier League
Man United,532605,Andrey Nascimento dos Santos,Midfielder,https://resources.premierleague.com/premierleague/photos/players/110x140/p532605.png,Premier League
Man United,576620,Bendito Mantato,Midfielder,https://resources.premierleague.com/premierleague/photos/players/110x140/p576620.png,Premier League
Man United,141746,Bruno Borges Fernandes,Midfielder,https://resources.premierleague.com/premierleague/photos/players/110x140/p141746.png,Premier League
Man United,446008,Bryan Mbeumo,Midfielder,https://resources.premierleague.com/premierleague/photos/players/110x140/p446008.png,Premier League
Man United,547037,Jack Fletcher,Midfielder,https://resources.premierleague.com/premierleague/photos/players/110x140/p547037.png,Premier League
Man United,516895,Kobbie Mainoo,Midfielder,https://resources.premierleague.com/premierleague/photos/players/110x140/p516895.png,Premier League
Man United,232112,Manuel Ugarte Ribeiro,Midfielder,https://resources.premierleague.com/premierleague/photos/players/110x140/p232112.png,Premier League
Man United,176297,Marcus Rashford,Midfielder,https://resources.premierleague.com/premierleague/photos/players/110x140/p176297.png,Premier League
Man United,184341,Mason Mount,Midfielder,https://resources.premierleague.com/premierleague/photos/players/110x140/p184341.png,Premier League
Man United,430871,Matheus Santos Carneiro da Cunha,Midfielder,https://resources.premierleague.com/premierleague/photos/players/110x140/p430871.png,Premier League
Man United,596777,Patrick Dorgu,Midfielder,https://resources.premierleague.com/premierleague/photos/players/110x140/p596777.png,Premier League
Man United,576628,Shea Lacey,Midfielder,https://resources.premierleague.com/premierleague/photos/players/110x140/p576628.png,Premier League
Man United,490881,Toby Collyer,Midfielder,https://resources.premierleague.com/premierleague/photos/players/110x140/p490881.png,Premier League
Man United,519913,Tyler Fletcher,Midfielder,https://resources.premierleague.com/premierleague/photos/players/110x140/p519913.png,Premier League
Man United,166989,Youri Tielemans,Midfielder,https://resources.premierleague.com/premierleague/photos/players/110x140/p166989.png,Premier League
Newcastle,545477,Alex Murphy,Defender,https://resources.premierleague.com/premierleague/photos/players/110x140/p545477.png,Premier League
Newcastle,78916,Dan Burn,Defender,https://resources.premierleague.com/premierleague/photos/players/110x140/p78916.png,Premier League
Newcastle,119471,Fabian Schär,Defender,https://resources.premierleague.com/premierleague/photos/players/110x140/p119471.png,Premier League
Newcastle,487838,Lewis Hall,Defender,https://resources.premierleague.com/premierleague/photos/players/110x140/p487838.png,Premier League
Newcastle,465642,Malick Thiaw,Defender,https://resources.premierleague.com/premierleague/photos/players/110x140/p465642.png,Premier League
Newcastle,220237,Sven Botman,Defender,https://resources.premierleague.com/premierleague/photos/players/110x140/p220237.png,Premier League
Newcastle,441191,Tino Livramento,Defender,https://resources.premierleague.com/premierleague/photos/players/110x140/p441191.png,Premier League
Newcastle,470313,Nick Woltemade,Forward,https://resources.premierleague.com/premierleague/photos/players/110x140/p470313.png,Premier League
Newcastle,599303,Sean Neave,Forward,https://resources.premierleague.com/premierleague/photos/players/110x140/p599303.png,Premier League
Newcastle,538207,William Osula,Forward,https://resources.premierleague.com/premierleague/photos/players/110x140/p538207.png,Premier League
Newcastle,216646,Yoane Wissa,Forward,https://resources.premierleague.com/premierleague/photos/players/110x140/p216646.png,Premier League
Newcastle,554578,Ewen Jaouen,Goalkeeper,https://resources.premierleague.com/premierleague/photos/players/110x140/p554578.png,Premier League
Newcastle,81441,Mark Gillespie,Goalkeeper,https://resources.premierleague.com/premierleague/photos/players/110x140/p81441.png,Premier League
Newcastle,98747,Nick Pope,Goalkeeper,https://resources.premierleague.com/premierleague/photos/players/110x140/p98747.png,Premier League
Newcastle,632794,Aladji Bamba,Midfielder,https://resources.premierleague.com/premierleague/photos/players/110x140/p632794.png,Premier League
Newcastle,449434,Anthony Elanga,Midfielder,https://resources.premierleague.com/premierleague/photos/players/110x140/p449434.png,Premier League
Newcastle,611665,Bazoumana Touré,Midfielder,https://resources.premierleague.com/premierleague/photos/players/110x140/p611665.png,Premier League
Newcastle,208706,Bruno Guimarães Rodriguez Moura,Midfielder,https://resources.premierleague.com/premierleague/photos/players/110x140/p208706.png,Premier League
Newcastle,201666,Harvey Barnes,Midfielder,https://resources.premierleague.com/premierleague/photos/players/110x140/p201666.png,Premier League
Newcastle,114243,Jacob Murphy,Midfielder,https://resources.premierleague.com/premierleague/photos/players/110x140/p114243.png,Premier League
Newcastle,232653,Jacob Ramsey,Midfielder,https://resources.premierleague.com/premierleague/photos/players/110x140/p232653.png,Premier League
Newcastle,200089,Joe Willock,Midfielder,https://resources.premierleague.com/premierleague/photos/players/110x140/p200089.png,Premier League
Newcastle,180974,Joelinton Cássio Apolinário de Lira,Midfielder,https://resources.premierleague.com/premierleague/photos/players/110x140/p180974.png,Premier League
Newcastle,547719,Lewis Miley,Midfielder,https://resources.premierleague.com/premierleague/photos/players/110x140/p547719.png,Premier League
Newcastle,636852,Sean Steur,Midfielder,https://resources.premierleague.com/premierleague/photos/players/110x140/p636852.png,Premier League
Nott'm Forest,485047,Felipe Rodrigues da Silva,Defender,https://resources.premierleague.com/premierleague/photos/players/110x140/p485047.png,Premier League
Nott'm Forest,575458,Jair Paula da Cunha Filho,Defender,https://resources.premierleague.com/premierleague/photos/players/110x140/p575458.png,Premier League
Nott'm Forest,470315,Luca Netz,Defender,https://resources.premierleague.com/premierleague/photos/players/110x140/p470315.png,Premier League
Nott'm Forest,575476,Murillo Costa dos Santos,Defender,https://resources.premierleague.com/premierleague/photos/players/110x140/p575476.png,Premier League
Nott'm Forest,215136,Neco Williams,Defender,https://resources.premierleague.com/premierleague/photos/players/110x140/p215136.png,Premier League
Nott'm Forest,500151,Nicolò Savona,Defender,https://resources.premierleague.com/premierleague/photos/players/110x140/p500151.png,Premier League
Nott'm Forest,227444,Nikola Milenković,Defender,https://resources.premierleague.com/premierleague/photos/players/110x140/p227444.png,Premier League
Nott'm Forest,159506,Ola Aina,Defender,https://resources.premierleague.com/premierleague/photos/players/110x140/p159506.png,Premier League
Nott'm Forest,204822,Omar Richards,Defender,https://resources.premierleague.com/premierleague/photos/players/110x140/p204822.png,Premier League
Nott'm Forest,538638,Tyler Bindon,Defender,https://resources.premierleague.com/premierleague/photos/players/110x140/p538638.png,Premier League
Nott'm Forest,549067,Zach Abbott,Defender,https://resources.premierleague.com/premierleague/photos/players/110x140/p549067.png,Premier League
Nott'm Forest,465680,Arnaud Kalimuendo,Forward,https://resources.premierleague.com/premierleague/photos/players/110x140/p465680.png,Premier League
Nott'm Forest,60689,Chris Wood,Forward,https://resources.premierleague.com/premierleague/photos/players/110x140/p60689.png,Premier League
Nott'm Forest,482973,Igor Jesus Maciel da Cruz,Forward,https://resources.premierleague.com/premierleague/photos/players/110x140/p482973.png,Premier League
Nott'm Forest,210156,Taiwo Awoniyi,Forward,https://resources.premierleague.com/premierleague/photos/players/110x140/p210156.png,Premier League
Nott'm Forest,221389,John Victor Maciel Furtado,Goalkeeper,https://resources.premierleague.com/premierleague/photos/players/110x140/p221389.png,Premier League
Nott'm Forest,85633,Matz Sels,Goalkeeper,https://resources.premierleague.com/premierleague/photos/players/110x140/p85633.png,Premier League
Nott'm Forest,209046,Callum Hudson-Odoi,Midfielder,https://resources.premierleague.com/premierleague/photos/players/110x140/p209046.png,Premier League
Nott'm Forest,456512,Dan Ndoye,Midfielder,https://resources.premierleague.com/premierleague/photos/players/110x140/p456512.png,Premier League
Nott'm Forest,476887,Dilane Bakwa,Midfielder,https://resources.premierleague.com/premierleague/photos/players/110x140/p476887.png,Premier League
Nott'm Forest,210462,Ibrahim Sangaré,Midfielder,https://resources.premierleague.com/premierleague/photos/players/110x140/p210462.png,Premier League
Nott'm Forest,432714,James McAtee,Midfielder,https://resources.premierleague.com/premierleague/photos/players/110x140/p432714.png,Premier League
Nott'm Forest,222531,Morgan Gibbs-White,Midfielder,https://resources.premierleague.com/premierleague/photos/players/110x140/p222531.png,Premier League
Nott'm Forest,250199,Nicolás Domínguez,Midfielder,https://resources.premierleague.com/premierleague/photos/players/110x140/p250199.png,Premier League
Nott'm Forest,503301,Omari Hutchinson,Midfielder,https://resources.premierleague.com/premierleague/photos/players/110x140/p503301.png,Premier League
Nott'm Forest,204968,Ryan Yates,Midfielder,https://resources.premierleague.com/premierleague/photos/players/110x140/p204968.png,Premier League
Nott'm Forest,204561,Xaver Schlager,Midfielder,https://resources.premierleague.com/premierleague/photos/players/110x140/p204561.png,Premier League
Sunderland,105717,Arthur Masuaku,Defender,https://resources.premierleague.com/premierleague/photos/players/110x140/p105717.png,Premier League
Sunderland,223827,Daniel Ballard,Defender,https://resources.premierleague.com/premierleague/photos/players/110x140/p223827.png,Premier League
Sunderland,519634,Jenson Seelt,Defender,https://resources.premierleague.com/premierleague/photos/players/110x140/p519634.png,Premier League
Sunderland,477547,Leo Fuhr Hjelde,Defender,https://resources.premierleague.com/premierleague/photos/players/110x140/p477547.png,Premier League
Sunderland,167512,Luke O'Nien,Defender,https://resources.premierleague.com/premierleague/photos/players/110x140/p167512.png,Premier League
Sunderland,200834,Nordi Mukiele,Defender,https://resources.premierleague.com/premierleague/photos/players/110x140/p200834.png,Premier League
Sunderland,201895,Omar Alderete,Defender,https://resources.premierleague.com/premierleague/photos/players/110x140/p201895.png,Premier League
Sunderland,434399,Reinildo Mandava,Defender,https://resources.premierleague.com/premierleague/photos/players/110x140/p434399.png,Premier League
Sunderland,93605,Thomas Meunier,Defender,https://resources.premierleague.com/premierleague/photos/players/110x140/p93605.png,Premier League
Sunderland,487676,Trai Hume,Defender,https://resources.premierleague.com/premierleague/photos/players/110x140/p487676.png,Premier League
Sunderland,441264,Brian Brobbey,Forward,https://resources.premierleague.com/premierleague/photos/players/110x140/p441264.png,Premier League
Sunderland,437505,Wilson Isidor,Forward,https://resources.premierleague.com/premierleague/photos/players/110x140/p437505.png,Premier League
Sunderland,232571,Anthony Patterson,Goalkeeper,https://resources.premierleague.com/premierleague/photos/players/110x140/p232571.png,Premier League
Sunderland,515046,Melker Ellborg,Goalkeeper,https://resources.premierleague.com/premierleague/photos/players/110x140/p515046.png,Premier League
Sunderland,498016,Robin Roefs,Goalkeeper,https://resources.premierleague.com/premierleague/photos/players/110x140/p498016.png,Premier League
Sunderland,549912,Chemsdine Talbi,Midfielder,https://resources.premierleague.com/premierleague/photos/players/110x140/p549912.png,Premier League
Sunderland,554197,Chris Rigg,Midfielder,https://resources.premierleague.com/premierleague/photos/players/110x140/p554197.png,Premier League
Sunderland,699989,Djiamgone Jocelin Ta Bi,Midfielder,https://resources.premierleague.com/premierleague/photos/players/110x140/p699989.png,Premier League
Sunderland,484420,Enzo Le Fée,Midfielder,https://resources.premierleague.com/premierleague/photos/players/110x140/p484420.png,Premier League
Sunderland,84450,Granit Xhaka,Midfielder,https://resources.premierleague.com/premierleague/photos/players/110x140/p84450.png,Premier League
Sunderland,547027,Habib Diarra,Midfielder,https://resources.premierleague.com/premierleague/photos/players/110x140/p547027.png,Premier League
Sunderland,536661,Nilson Angulo,Midfielder,https://resources.premierleague.com/premierleague/photos/players/110x140/p536661.png,Premier League
Sunderland,577669,Noah Sadiki,Midfielder,https://resources.premierleague.com/premierleague/photos/players/110x140/p577669.png,Premier League
Sunderland,461199,Romaine Mundle,Midfielder,https://resources.premierleague.com/premierleague/photos/players/110x140/p461199.png,Premier League
Sunderland,535818,Simon Adingra,Midfielder,https://resources.premierleague.com/premierleague/photos/players/110x140/p535818.png,Premier League
Tottenham,122798,Andrew Robertson,Defender,https://resources.premierleague.com/premierleague/photos/players/110x140/p122798.png,Premier League
Tottenham,548308,Ashley Phillips,Defender,https://resources.premierleague.com/premierleague/photos/players/110x140/p548308.png,Premier League
Tottenham,115556,Ben Davies,Defender,https://resources.premierleague.com/premierleague/photos/players/110x140/p115556.png,Premier League
Tottenham,221632,Cristian Romero,Defender,https://resources.premierleague.com/premierleague/photos/players/110x140/p221632.png,Premier League
Tottenham,487053,Destiny Udogie,Defender,https://resources.premierleague.com/premierleague/photos/players/110x140/p487053.png,Premier League
Tottenham,232859,Djed Spence,Defender,https://resources.premierleague.com/premierleague/photos/players/110x140/p232859.png,Premier League
Tottenham,499716,James Rowswell,Defender,https://resources.premierleague.com/premierleague/photos/players/110x140/p499716.png,Premier League
Tottenham,469142,Jan Paul van Hecke,Defender,https://resources.premierleague.com/premierleague/photos/players/110x140/p469142.png,Premier League
Tottenham,616221,João Victor de Souza Menezes,Defender,https://resources.premierleague.com/premierleague/photos/players/110x140/p616221.png,Premier League
Tottenham,640419,Jun'ai Byfield,Defender,https://resources.premierleague.com/premierleague/photos/players/110x140/p640419.png,Premier League
Tottenham,135720,Kevin Danso,Defender,https://resources.premierleague.com/premierleague/photos/players/110x140/p135720.png,Premier League
Tottenham,221466,Marcos Senesi Barón,Defender,https://resources.premierleague.com/premierleague/photos/players/110x140/p221466.png,Premier League
Tottenham,491279,Micky van de Ven,Defender,https://resources.premierleague.com/premierleague/photos/players/110x140/p491279.png,Premier League
Tottenham,441164,Pedro Porro Sauceda,Defender,https://resources.premierleague.com/premierleague/photos/players/110x140/p441164.png,Premier League
Tottenham,490145,Dane Scarlett,Forward,https://resources.premierleague.com/premierleague/photos/players/110x140/p490145.png,Premier League
Tottenham,154566,Dominic Solanke-Mitchell,Forward,https://resources.premierleague.com/premierleague/photos/players/110x140/p154566.png,Premier League
Tottenham,212319,Richarlison de Andrade,Forward,https://resources.premierleague.com/premierleague/photos/players/110x140/p212319.png,Premier League
Tottenham,485055,Antonín Kinský,Goalkeeper,https://resources.premierleague.com/premierleague/photos/players/110x140/p485055.png,Premier League
Tottenham,214572,Brandon Austin,Goalkeeper,https://resources.premierleague.com/premierleague/photos/players/110x140/p214572.png,Premier League
Tottenham,184254,Guglielmo Vicario,Goalkeeper,https://resources.premierleague.com/premierleague/photos/players/110x140/p184254.png,Premier League
Tottenham,67089,Martin Dubravka,Goalkeeper,https://resources.premierleague.com/premierleague/photos/players/110x140/p67089.png,Premier League
Tottenham,547701,Archie Gray,Midfielder,https://resources.premierleague.com/premierleague/photos/players/110x140/p547701.png,Premier League
Tottenham,499726,Callum Olusesi,Midfielder,https://resources.premierleague.com/premierleague/photos/players/110x140/p499726.png,Premier League
Tottenham,232787,Conor Gallagher,Midfielder,https://resources.premierleague.com/premierleague/photos/players/110x140/p232787.png,Premier League
Tottenham,445044,Dejan Kulusevski,Midfielder,https://resources.premierleague.com/premierleague/photos/players/110x140/p445044.png,Premier League
Tottenham,172780,James Maddison,Midfielder,https://resources.premierleague.com/premierleague/photos/players/110x140/p172780.png,Premier League
Tottenham,570526,Lucas Bergvall,Midfielder,https://resources.premierleague.com/premierleague/photos/players/110x140/p570526.png,Premier League
Tottenham,551226,Mateus Fernandes,Midfielder,https://resources.premierleague.com/premierleague/photos/players/110x140/p551226.png,Premier League
Tottenham,511499,Mathys Tel,Midfielder,https://resources.premierleague.com/premierleague/photos/players/110x140/p511499.png,Premier League
Tottenham,499721,Mikey Moore,Midfielder,https://resources.premierleague.com/premierleague/photos/players/110x140/p499721.png,Premier League
Tottenham,460842,Mohammed Kudus,Midfielder,https://resources.premierleague.com/premierleague/photos/players/110x140/p460842.png,Premier League
Tottenham,482442,Pape Matar Sarr,Midfielder,https://resources.premierleague.com/premierleague/photos/players/110x140/p482442.png,Premier League
Tottenham,202993,Rodrigo Bentancur,Midfielder,https://resources.premierleague.com/premierleague/photos/players/110x140/p202993.png,Premier League
Tottenham,432422,Sandro Tonali,Midfielder,https://resources.premierleague.com/premierleague/photos/players/110x140/p432422.png,Premier League
Tottenham,550839,Wilson Odobert,Midfielder,https://resources.premierleague.com/premierleague/photos/players/110x140/p550839.png,Premier League
Tottenham,493362,Xavi Simons,Midfielder,https://resources.premierleague.com/premierleague/photos/players/110x140/p493362.png,Premier League
