team,player_code,player_name,position,photo_url,roster_source,portrait_source
Alavés,376070,Carlos Ballestero,Defender,,2025/26 squad carryover,Unavailable
Alavés,378408,Egoitz Muñoz,Defender,,2025/26 squad carryover,Unavailable
Alavés,255931,Facundo Garcés,Defender,,2025/26 squad carryover,Unavailable
Alavés,176312,Jonny,Defender,,2025/26 squad carryover,Unavailable
Alavés,262491,Nahuel Tenaglia,Defender,,2025/26 squad carryover,Unavailable
Alavés,373789,Paco Sanz,Defender,,2025/26 squad carryover,Unavailable
Alavés,354373,Victor Parada,Defender,,2025/26 squad carryover,Unavailable
Alavés,149306,Ville Koski,Defender,,2025/26 squad carryover,Unavailable
Alavés,415276,Xanet Oláiz,Defender,,2025/26 squad carryover,Unavailable
Alavés,382532,Youssef Lekhedim,Defender,,2025/26 squad carryover,Unavailable
Alavés,384145,Álvaro García,Defender,,2025/26 squad carryover,Unavailable
Alavés,374621,Ángel Pérez,Defender,,2025/26 squad carryover,Unavailable
Alavés,345991,Abde Rebbach,Forward,https://commons.wikimedia.org/wiki/Special:FilePath/Abde%20rebbach%202023.jpg,2025/26 squad carryover,Wikimedia Commons
Alavés,379231,Aitor Mañas,Forward,,2025/26 squad carryover,Unavailable
Alavés,354409,Diego Morcillo,Forward,,2025/26 squad carryover,Unavailable
Alavés,308726,Ibrahim Diabate,Forward,,2025/26 squad carryover,Unavailable
Alavés,415206,Izei Hernandez,Forward,,2026/27 roster feed,Unavailable
Alavés,207236,Lucas Boyé,Forward,,2025/26 squad carryover,Unavailable
Alavés,198832,Mariano,Forward,,2025/26 squad carryover,Unavailable
Alavés,181757,Toni Martínez,Forward,,2025/26 squad carryover,Unavailable
Alavés,200910,Antonio Sivera,Goalkeeper,,2025/26 squad carryover,Unavailable
Alavés,346534,Grégoire Swiderski,Goalkeeper,,2025/26 squad carryover,Unavailable
Alavés,113097,Raúl Fernández,Goalkeeper,,2025/26 squad carryover,Unavailable
Alavés,373796,Rúben Montero,Goalkeeper,,2025/26 squad carryover,Unavailable
Alavés,260256,Ander Guevara,Midfielder,,2025/26 squad carryover,Unavailable
Alavés,265997,Antonio Blanco,Midfielder,,2025/26 squad carryover,Unavailable
Alavés,304469,Calebe,Midfielder,,2025/26 squad carryover,Unavailable
Alavés,233802,Carles Aleñá,Midfielder,,2025/26 squad carryover,Unavailable
Alavés,253754,Carlos Protesoni,Midfielder,,2025/26 squad carryover,Unavailable
Alavés,163068,Denis Suárez,Midfielder,,2025/26 squad carryover,Unavailable
Alavés,403705,Lander Pinillos,Midfielder,,2025/26 squad carryover,Unavailable
Alavés,106326,Pablo Ibáñez,Midfielder,,2025/26 squad carryover,Unavailable
Athletic Club,379707,Adama Boiro,Defender,,2026/27 roster feed,Unavailable
Athletic Club,388802,Aimar Duñabeitia,Defender,,2026/27 roster feed,Unavailable
Athletic Club,308254,Aitor Paredes,Defender,https://upload.wikimedia.org/wikipedia/commons/thumb/4/48/AitorParedes2022.jpg/250px-AitorParedes2022.jpg,2026/27 roster feed,Wikimedia Commons
Athletic Club,401735,Ander Izagirre,Defender,,2026/27 roster feed,Unavailable
Athletic Club,245839,Andoni Gorosabel,Defender,https://upload.wikimedia.org/wikipedia/commons/a/a3/DSC_2424_%2851299094836%29_%28gorosabel%29.jpg,2026/27 roster feed,Wikimedia Commons
Athletic Club,159317,Aymeric Laporte,Defender,https://upload.wikimedia.org/wikipedia/commons/thumb/d/d5/Aymeric_Laporte_Argentina_v_Spain_19_July_2026-067_%28cropped%29.jpg/250px-Aymeric_Laporte_Argentina_v_Spain_19_July_2026-067_%28cropped%29.jpg,2026/27 roster feed,Wikimedia Commons
Athletic Club,274016,Dani Vivian,Defender,,2026/27 roster feed,Unavailable
Athletic Club,362572,Hugo Rincón,Defender,,2026/27 roster feed,Unavailable
Athletic Club,411235,Iker Monreal,Defender,https://upload.wikimedia.org/wikipedia/commons/thumb/4/4c/Iker_monreal.jpg/250px-Iker_monreal.jpg,2026/27 roster feed,Wikimedia Commons
Athletic Club,222369,Iñigo Lekue,Defender,,2025/26 squad carryover,Unavailable
Athletic Club,300876,Jesús Areso,Defender,,2026/27 roster feed,Unavailable
Athletic Club,408483,Jon De Luis,Defender,,2026/27 roster feed,Unavailable
Athletic Club,368331,Unai Egiluz,Defender,https://upload.wikimedia.org/wikipedia/commons/thumb/3/38/Unai_Egiluz._Athletic_-_Racing._Foto_Maider_Goikoetxea_%2853910540096%29_%28cropped%29.jpg/250px-Unai_Egiluz._Athletic_-_Racing._Foto_Maider_Goikoetxea_%2853910540096%29_%28cropped%29.jpg,2026/27 roster feed,Wikimedia Commons
Athletic Club,217225,Yeray,Defender,,2026/27 roster feed,Unavailable
Athletic Club,133768,Yuri Berchiche,Defender,https://upload.wikimedia.org/wikipedia/commons/thumb/8/8f/Krasnodar-Real_Sosiedad_%2810%29.jpg/250px-Krasnodar-Real_Sosiedad_%2810%29.jpg,2026/27 roster feed,Wikimedia Commons
Athletic Club,411759,Adrián Pérez,Forward,,2026/27 roster feed,Unavailable
Athletic Club,414464,Asier Hierro,Forward,https://upload.wikimedia.org/wikipedia/commons/thumb/e/e3/Asier_Hierro.jpg/250px-Asier_Hierro.jpg,2026/27 roster feed,Wikimedia Commons
Athletic Club,418212,Elijah Gift,Forward,https://upload.wikimedia.org/wikipedia/commons/thumb/9/9a/Elijah_Gift.jpg/250px-Elijah_Gift.jpg,2026/27 roster feed,Wikimedia Commons
Athletic Club,374635,Endika Bujan,Forward,,2026/27 roster feed,Unavailable
Athletic Club,231905,Gorka Guruzeta,Forward,,2026/27 roster feed,Unavailable
Athletic Club,214412,Iñaki Williams,Forward,https://upload.wikimedia.org/wikipedia/commons/thumb/f/f8/Inaki_Williams_England_v_Ghana_23_June_2026-154.jpg/250px-Inaki_Williams_England_v_Ghana_23_June_2026-154.jpg,2026/27 roster feed,Wikimedia Commons
Athletic Club,393762,Maroan Sannadi,Forward,https://upload.wikimedia.org/wikipedia/commons/a/a6/Maroan_Sannadi_%28cropped%29.jpg,2026/27 roster feed,Wikimedia Commons
Athletic Club,323971,Nico Serrano,Forward,https://upload.wikimedia.org/wikipedia/commons/thumb/6/6c/Esapana-inglaterra-22_%2848899953721%29_%28cropped%29.jpg/250px-Esapana-inglaterra-22_%2848899953721%29_%28cropped%29.jpg,2026/27 roster feed,Wikimedia Commons
Athletic Club,312146,Nico Williams,Forward,https://upload.wikimedia.org/wikipedia/commons/thumb/c/cf/Nico_Williams_Argentina_v_Spain_19_July_2026-196_%28cropped%29.jpg/250px-Nico_Williams_Argentina_v_Spain_19_July_2026-196_%28cropped%29.jpg,2026/27 roster feed,Wikimedia Commons
Athletic Club,354205,Urko Izeta,Forward,https://upload.wikimedia.org/wikipedia/commons/thumb/5/54/MAIDER_GOIKOETXEA%2C_FOT%C3%93GRAFA._BILBAO_ATHLETIC_-_LOGRO%C3%91%C3%89S_%2831%29_-_Urko_Izeta.jpg/250px-MAIDER_GOIKOETXEA%2C_FOT%C3%93GRAFA._BILBAO_ATHLETIC_-_LOGRO%C3%91%C3%89S_%2831%29_-_Urko_Izeta.jpg,2026/27 roster feed,Wikimedia Commons
Athletic Club,209579,Álex Berenguer,Forward,,2026/27 roster feed,Unavailable
Athletic Club,347033,Álvaro Djaló,Forward,https://upload.wikimedia.org/wikipedia/commons/thumb/5/5f/ALvaro_Djalo_2.jpg/250px-ALvaro_Djalo_2.jpg,2026/27 roster feed,Wikimedia Commons
Athletic Club,323970,Julen Agirrezabala,Goalkeeper,,2026/27 roster feed,Unavailable
Athletic Club,287410,Mikel Santos,Goalkeeper,,2026/27 roster feed,Unavailable
Athletic Club,222375,Unai Simón,Goalkeeper,https://upload.wikimedia.org/wikipedia/commons/thumb/5/53/Unai_Simon_Argentina_v_Spain_19_July_2026-078_%28cropped%29.jpg/250px-Unai_Simon_Argentina_v_Spain_19_July_2026-078_%28cropped%29.jpg,2026/27 roster feed,Wikimedia Commons
Athletic Club,347411,Álex Padilla,Goalkeeper,,2026/27 roster feed,Unavailable
Athletic Club,403371,Alejandro Rego,Midfielder,,2026/27 roster feed,Unavailable
Athletic Club,318785,Beñat Prados,Midfielder,https://upload.wikimedia.org/wikipedia/commons/thumb/1/11/BenarPrados2022.jpg/250px-BenarPrados2022.jpg,2026/27 roster feed,Wikimedia Commons
Athletic Club,415364,Eder García,Midfielder,https://upload.wikimedia.org/wikipedia/commons/thumb/5/50/Eder_Garcia.jpg/250px-Eder_Garcia.jpg,2026/27 roster feed,Wikimedia Commons
Athletic Club,411758,Ibon Sánchez,Midfielder,https://upload.wikimedia.org/wikipedia/commons/thumb/a/a8/Ibon_Sanchez.jpg/250px-Ibon_Sanchez.jpg,2026/27 roster feed,Wikimedia Commons
Athletic Club,157708,Iñigo Ruiz de Galarreta,Midfielder,https://upload.wikimedia.org/wikipedia/commons/thumb/a/a9/I%C3%B1igo_Ruiz_de_Galarreta_%28cropped%29.jpg/250px-I%C3%B1igo_Ruiz_de_Galarreta_%28cropped%29.jpg,2026/27 roster feed,Wikimedia Commons
Athletic Club,377792,Mikel Jauregizar,Midfielder,https://upload.wikimedia.org/wikipedia/commons/thumb/d/da/Mikel_Jauregizar._Athletic_-_Racing._Foto_Maider_Goikoetxea_%2853909642167%29_%28cropped%29.jpg/250px-Mikel_Jauregizar._Athletic_-_Racing._Foto_Maider_Goikoetxea_%2853909642167%29_%28cropped%29.jpg,2026/27 roster feed,Wikimedia Commons
Athletic Club,222373,Mikel Vesga,Midfielder,https://upload.wikimedia.org/wikipedia/commons/0/0e/Real_Valladolid_-_CD_Legan%C3%A9s_2018-12-01_%2813%29_%28cropped%29.jpg,2026/27 roster feed,Wikimedia Commons
Athletic Club,291616,Oihan Sancet,Midfielder,https://upload.wikimedia.org/wikipedia/commons/thumb/2/2a/ATHLETIC_-_OSASUNA_%282%29.jpg/250px-ATHLETIC_-_OSASUNA_%282%29.jpg,2026/27 roster feed,Wikimedia Commons
Athletic Club,388805,Peio Canales,Midfielder,,2026/27 roster feed,Unavailable
Athletic Club,276996,Robert Navarro,Midfielder,,2026/27 roster feed,Unavailable
Athletic Club,414350,Selton Sánchez,Midfielder,,2026/27 roster feed,Unavailable
Athletic Club,362376,Unai Gómez,Midfielder,https://upload.wikimedia.org/wikipedia/commons/thumb/8/8a/MAIDER_GOIKOETXEA%2C_FOT%C3%93GRAFA._BILBAO_ATHLETIC_-_LOGRO%C3%91%C3%89S_%2814%29_-_Urko_G%C3%B3mez.jpg/250px-MAIDER_GOIKOETXEA%2C_FOT%C3%93GRAFA._BILBAO_ATHLETIC_-_LOGRO%C3%91%C3%89S_%2814%29_-_Urko_G%C3%B3mez.jpg,2026/27 roster feed,Wikimedia Commons
Athletic Club,302945,Unai Vencedor,Midfielder,https://upload.wikimedia.org/wikipedia/commons/thumb/a/a4/UnaiVencedor2022.jpg/250px-UnaiVencedor2022.jpg,2026/27 roster feed,Wikimedia Commons
Atlético Madrid,166396,Alejandro Grimaldo,Defender,,2026/27 roster feed,Unavailable
Atlético Madrid,386898,Aleksa Puric,Defender,,2025/26 squad carryover,Unavailable
Atlético Madrid,193917,Clément Lenglet,Defender,,2025/26 squad carryover,Unavailable
Atlético Madrid,368593,Daniel Martinez,Defender,,2025/26 squad carryover,Unavailable
Atlético Madrid,257786,Dávid Hancko,Defender,https://upload.wikimedia.org/wikipedia/commons/thumb/d/db/D%C3%A1vid_Hancko.jpg/250px-D%C3%A1vid_Hancko.jpg,2026/27 roster feed,Wikimedia Commons
Atlético Madrid,388083,Gerónimo Spina,Defender,,2025/26 squad carryover,Unavailable
Atlético Madrid,355900,Ilias Kostis,Defender,,2025/26 squad carryover,Unavailable
Atlético Madrid,373877,Javier Boñar,Defender,,2025/26 squad carryover,Unavailable
Atlético Madrid,188398,José María Giménez,Defender,https://upload.wikimedia.org/wikipedia/commons/thumb/5/5d/Jos%C3%A9_Mar%C3%ADa_Gim%C3%A9nez.jpg/250px-Jos%C3%A9_Mar%C3%ADa_Gim%C3%A9nez.jpg,2026/27 roster feed,Wikimedia Commons
Atlético Madrid,332613,Marc Pubill,Defender,https://upload.wikimedia.org/wikipedia/commons/thumb/6/65/Marc_Pubill_Argentina_v_Spain_19_July_2026-312.jpg/250px-Marc_Pubill_Argentina_v_Spain_19_July_2026-312.jpg,2026/27 roster feed,Wikimedia Commons
Atlético Madrid,297229,Matteo Ruggeri,Defender,https://upload.wikimedia.org/wikipedia/commons/thumb/a/a2/Next_Generation_Trophy_2017_Dritter_Tag_01.jpg/250px-Next_Generation_Trophy_2017_Dritter_Tag_01.jpg,2026/27 roster feed,Wikimedia Commons
Atlético Madrid,164826,Nahuel Molina,Defender,https://upload.wikimedia.org/wikipedia/commons/thumb/e/ef/Nahuel_Molina_Argentina_v_Spain_19_July_2026-023.jpg/250px-Nahuel_Molina_Argentina_v_Spain_19_July_2026-023.jpg,2026/27 roster feed,Wikimedia Commons
Atlético Madrid,214888,Robin Le Normand,Defender,https://upload.wikimedia.org/wikipedia/commons/thumb/9/9d/Robin_Le_Normand_2122.jpg/250px-Robin_Le_Normand_2122.jpg,2026/27 roster feed,Wikimedia Commons
Atlético Madrid,229645,Ademola Lookman,Forward,https://upload.wikimedia.org/wikipedia/commons/thumb/b/b7/Ademola_Lookman_%282019%29_%28cropped%29.jpg/250px-Ademola_Lookman_%282019%29_%28cropped%29.jpg,2026/27 roster feed,Wikimedia Commons
Atlético Madrid,188230,Alexander Sørloth,Forward,https://upload.wikimedia.org/wikipedia/commons/thumb/f/fa/Alexander_Sorloth_France_v_Norway_26_June_26-048.jpg/250px-Alexander_Sorloth_France_v_Norway_26_June_26-048.jpg,2026/27 roster feed,Wikimedia Commons
Atlético Madrid,140416,Antoine Griezmann,Forward,https://commons.wikimedia.org/wiki/Special:FilePath/Antoine%20Griezmann%20%2851100409504%29%20%28cropped%29.jpg,2025/26 squad carryover,Wikimedia Commons
Atlético Madrid,324192,Carlos Martín,Forward,,2026/27 roster feed,Unavailable
Atlético Madrid,323838,Giuliano Simeone,Forward,https://upload.wikimedia.org/wikipedia/commons/thumb/a/ad/Giuliano_Simeone_Argentina_v_Spain_19_July_2026-268.jpg/250px-Giuliano_Simeone_Argentina_v_Spain_19_July_2026-268.jpg,2026/27 roster feed,Wikimedia Commons
Atlético Madrid,417258,Iker Luque,Forward,,2025/26 squad carryover,Unavailable
Atlético Madrid,277206,Julián Álvarez,Forward,,2026/27 roster feed,Unavailable
Atlético Madrid,421996,Miguel Cubo,Forward,,2025/26 squad carryover,Unavailable
Atlético Madrid,76017,Nico González,Forward,,2025/26 squad carryover,Unavailable
Atlético Madrid,377843,Rayane Belaid,Forward,,2025/26 squad carryover,Unavailable
Atlético Madrid,417403,Sergio Esteban,Forward,,2025/26 squad carryover,Unavailable
Atlético Madrid,149622,Jan Oblak,Goalkeeper,https://upload.wikimedia.org/wikipedia/commons/thumb/a/a1/Jan_Oblak_2019.jpg/250px-Jan_Oblak_2019.jpg,2026/27 roster feed,Wikimedia Commons
Atlético Madrid,177927,Juan Musso,Goalkeeper,https://upload.wikimedia.org/wikipedia/commons/thumb/d/d5/Juan_Musso_Argentina_v_Spain_19_July_2026-261.jpg/250px-Juan_Musso_Argentina_v_Spain_19_July_2026-261.jpg,2026/27 roster feed,Wikimedia Commons
Atlético Madrid,304001,Mario de Luis,Goalkeeper,,2025/26 squad carryover,Unavailable
Atlético Madrid,405502,Salvi Esquivel,Goalkeeper,,2025/26 squad carryover,Unavailable
Atlético Madrid,222956,Álvaro Moreno,Goalkeeper,,2025/26 squad carryover,Unavailable
Atlético Madrid,388080,Jano Monserrate,Midfielder,,2025/26 squad carryover,Unavailable
Atlético Madrid,421310,Javier Morcillo,Midfielder,,2025/26 squad carryover,Unavailable
Atlético Madrid,323840,Javier Serrano,Midfielder,,2025/26 squad carryover,Unavailable
Atlético Madrid,290802,Johnny Cardoso,Midfielder,https://upload.wikimedia.org/wikipedia/commons/thumb/8/8c/Johnny_Cardoso_USMNT_v_Belgium_Mar_28_2026-115_%28cropped%29.jpg/250px-Johnny_Cardoso_USMNT_v_Belgium_Mar_28_2026-115_%28cropped%29.jpg,2026/27 roster feed,Wikimedia Commons
Atlético Madrid,387493,Julio Díaz,Midfielder,,2025/26 squad carryover,Unavailable
Atlético Madrid,140791,Koke,Midfielder,,2026/27 roster feed,Unavailable
Atlético Madrid,274197,Lee Kang-In,Midfielder,,2026/27 roster feed,Unavailable
Atlético Madrid,206474,Marcos Llorente,Midfielder,https://upload.wikimedia.org/wikipedia/commons/thumb/0/09/Marcos_Llorente_France_v_Spain_7.24.26-020.jpg/250px-Marcos_Llorente_France_v_Spain_7.24.26-020.jpg,2026/27 roster feed,Wikimedia Commons
Atlético Madrid,274911,Morten Hjulmand,Midfielder,https://upload.wikimedia.org/wikipedia/commons/thumb/6/64/MortenHjulmandSporting24.jpg/250px-MortenHjulmandSporting24.jpg,2026/27 roster feed,Wikimedia Commons
Atlético Madrid,318554,Obed Vargas,Midfielder,,2026/27 roster feed,Unavailable
Atlético Madrid,336634,Pablo Barrios,Midfielder,,2026/27 roster feed,Unavailable
Atlético Madrid,74630,Rodrigo Mendoza,Midfielder,,2026/27 roster feed,Unavailable
Atlético Madrid,388081,Taufik Seidu,Midfielder,,2025/26 squad carryover,Unavailable
Atlético Madrid,277208,Thiago Almada,Midfielder,https://upload.wikimedia.org/wikipedia/commons/thumb/2/20/Thiago_Almada_Argentina_v_Egypt_7_July_2026-045.jpg/250px-Thiago_Almada_Argentina_v_Egypt_7_July_2026-045.jpg,2026/27 roster feed,Wikimedia Commons
Atlético Madrid,190291,Thomas Lemar,Midfielder,https://upload.wikimedia.org/wikipedia/commons/thumb/3/38/Thomas_Lemar.jpg/250px-Thomas_Lemar.jpg,2026/27 roster feed,Wikimedia Commons
Atlético Madrid,297373,Álex Baena,Midfielder,https://upload.wikimedia.org/wikipedia/commons/thumb/e/e8/Alex_Baena_France_v_Spain_7.24.26-024.jpg/250px-Alex_Baena_France_v_Spain_7.24.26-024.jpg,2026/27 roster feed,Wikimedia Commons
Barcelona,323703,Alejandro Balde,Defender,https://upload.wikimedia.org/wikipedia/commons/thumb/9/93/Esapana-inglaterra-74_%2848899354493%29.jpg/250px-Esapana-inglaterra-74_%2848899354493%29.jpg,2026/27 roster feed,Wikimedia Commons
Barcelona,186430,Andreas Christensen,Defender,https://upload.wikimedia.org/wikipedia/commons/thumb/6/6d/Andreas_Christensen_2019.jpg/250px-Andreas_Christensen_2019.jpg,2026/27 roster feed,Wikimedia Commons
Barcelona,128714,Eric García,Defender,,2026/27 roster feed,Unavailable
Barcelona,312015,Gerard Martín,Defender,,2026/27 roster feed,Unavailable
Barcelona,363039,Héctor Fort,Defender,,2026/27 roster feed,Unavailable
Barcelona,403588,Jofre Torrents,Defender,,2025/26 squad carryover,Unavailable
Barcelona,176399,João Cancelo,Defender,,2025/26 squad carryover,Unavailable
Barcelona,231692,Jules Koundé,Defender,https://upload.wikimedia.org/wikipedia/commons/thumb/e/ee/Jules_Kounde_France_v_Senegal_16_June_2026-449_%28cropped%29.jpg/250px-Jules_Kounde_France_v_Senegal_16_June_2026-449_%28cropped%29.jpg,2026/27 roster feed,Wikimedia Commons
Barcelona,368992,Pau Cubarsí,Defender,https://upload.wikimedia.org/wikipedia/commons/thumb/7/77/Pau_Cubarsi_Argentina_v_Spain_19_July_2026-181_%28cropped%29.jpg/250px-Pau_Cubarsi_Argentina_v_Spain_19_July_2026-181_%28cropped%29.jpg,2026/27 roster feed,Wikimedia Commons
Barcelona,270821,Ronald Araújo,Defender,https://upload.wikimedia.org/wikipedia/commons/thumb/3/3f/FC_Red_Bull_Salzburg_gegen_CF_Barcelona_%28Testspiel_4._August_2021%29_45_%28cropped%29.jpg/250px-FC_Red_Bull_Salzburg_gegen_CF_Barcelona_%28Testspiel_4._August_2021%29_45_%28cropped%29.jpg,2026/27 roster feed,Wikimedia Commons
Barcelona,403582,Xavi Espart,Defender,,2025/26 squad carryover,Unavailable
Barcelona,300377,Álvaro Cortés,Defender,,2025/26 squad carryover,Unavailable
Barcelona,268782,Anthony Gordon,Forward,https://commons.wikimedia.org/wiki/Special:FilePath/2019%20Cheez-It%20Bowl%20action2.jpg,2026/27 roster feed,Wikimedia Commons
Barcelona,363041,Daniel Rodríguez,Forward,https://commons.wikimedia.org/wiki/Special:FilePath/2022-08-18%20European%20Championships%202022%20%E2%80%93%20Men%27s%20200%20Metres%20by%20Sandro%20Halank%E2%80%93060.jpg,2025/26 squad carryover,Wikimedia Commons
Barcelona,265869,Ferran Torres,Forward,https://upload.wikimedia.org/wikipedia/commons/thumb/1/1c/Ferran_Torres_France_v_Spain_7.24.26-237_%28cropped%29.jpg/250px-Ferran_Torres_France_v_Spain_7.24.26-237_%28cropped%29.jpg,2026/27 roster feed,Wikimedia Commons
Barcelona,274913,Karim Adeyemi,Forward,https://upload.wikimedia.org/wikipedia/commons/thumb/d/da/FC_Salzburg_gegen_FC_Bayern_M%C3%BCnchen_%28Championsleague_Achtelfinale_Hinspiel_16._Februar_2022%29_63.jpg/250px-FC_Salzburg_gegen_FC_Bayern_M%C3%BCnchen_%28Championsleague_Achtelfinale_Hinspiel_16._Februar_2022%29_63.jpg,2026/27 roster feed,Wikimedia Commons
Barcelona,362150,Lamine Yamal,Forward,https://upload.wikimedia.org/wikipedia/commons/thumb/1/13/Lamine_Yamal_France_v_Spain_7.24.26-142.jpg/250px-Lamine_Yamal_France_v_Spain_7.24.26-142.jpg,2026/27 roster feed,Wikimedia Commons
Barcelona,230945,Marcus Rashford,Forward,,2025/26 squad carryover,Unavailable
Barcelona,231050,Raphinha,Forward,https://upload.wikimedia.org/wikipedia/commons/thumb/b/b4/Raphinha_Brazil_V_Morocco_13_June_2026-133_%28cropped%29.jpg/250px-Raphinha_Brazil_V_Morocco_13_June_2026-133_%28cropped%29.jpg,2026/27 roster feed,Wikimedia Commons
Barcelona,125824,Robert Lewandowski,Forward,,2025/26 squad carryover,Unavailable
Barcelona,331152,Roony Bardghji,Forward,https://upload.wikimedia.org/wikipedia/commons/thumb/9/96/Roony_Bardghji%2C_Vejle_Boldklub_-_FC_K%C3%B8benhavn%2C_29._July_2023_-_opvarmning_%28cropped%29.jpg/250px-Roony_Bardghji%2C_Vejle_Boldklub_-_FC_K%C3%B8benhavn%2C_29._July_2023_-_opvarmning_%28cropped%29.jpg,2026/27 roster feed,Wikimedia Commons
Barcelona,388285,Toni Fernández,Forward,,2025/26 squad carryover,Unavailable
Barcelona,368359,Diego Kochen,Goalkeeper,,2025/26 squad carryover,Unavailable
Barcelona,403587,Eder Aller,Goalkeeper,,2025/26 squad carryover,Unavailable
Barcelona,297362,Joan García,Goalkeeper,,2026/27 roster feed,Unavailable
Barcelona,140740,Marc-André ter Stegen,Goalkeeper,https://upload.wikimedia.org/wikipedia/commons/thumb/9/97/Marc-Andre_Ter_Stegen_ACCI_FCBARCELONA_Turisme_Catalunya_gira_pretemporada_CATPRESS.jpg/250px-Marc-Andre_Ter_Stegen_ACCI_FCBARCELONA_Turisme_Catalunya_gira_pretemporada_CATPRESS.jpg,2026/27 roster feed,Wikimedia Commons
Barcelona,131634,Wojciech Szczesny,Goalkeeper,,2026/27 roster feed,Unavailable
Barcelona,227765,Dani Olmo,Midfielder,https://upload.wikimedia.org/wikipedia/commons/thumb/8/83/Dani_Olmo_France_v_Spain_7.24.26-176_%28cropped%29.jpg/250px-Dani_Olmo_France_v_Spain_7.24.26-176_%28cropped%29.jpg,2026/27 roster feed,Wikimedia Commons
Barcelona,354334,Fermín López,Midfielder,https://upload.wikimedia.org/wikipedia/commons/thumb/5/5c/Ferm%C3%ADn_L%C3%B3pez_%28cropped%29.jpg/250px-Ferm%C3%ADn_L%C3%B3pez_%28cropped%29.jpg,2026/27 roster feed,Wikimedia Commons
Barcelona,219022,Frenkie de Jong,Midfielder,https://upload.wikimedia.org/wikipedia/commons/thumb/4/42/%D0%9C%D0%B0%D1%82%D1%87_%C2%AB%D0%94%D0%B8%D0%BD%D0%B0%D0%BC%D0%BE%C2%BB_-_%C2%AB%D0%91%D0%B0%D1%80%D1%81%D0%B5%D0%BB%D0%BE%D0%BD%D0%B0%C2%BB_0-1._2_%D0%BD%D0%BE%D1%8F%D0%B1%D1%80%D1%8F_2021_%D0%B3%D0%BE%D0%B4%D0%B0._II_%E2%80%94_1289671_%28cropped%29.jpg/250px-%D0%9C%D0%B0%D1%82%D1%87_%C2%AB%D0%94%D0%B8%D0%BD%D0%B0%D0%BC%D0%BE%C2%BB_-_%C2%AB%D0%91%D0%B0%D1%80%D1%81%D0%B5%D0%BB%D0%BE%D0%BD%D0%B0%C2%BB_0-1._2_%D0%BD%D0%BE%D1%8F%D0%B1%D1%80%D1%8F_2021_%D0%B3%D0%BE%D0%B4%D0%B0._II_%E2%80%94_1289671_%28cropped%29.jpg,2026/27 roster feed,Wikimedia Commons
Barcelona,323702,Gavi,Midfielder,,2026/27 roster feed,Unavailable
Barcelona,388286,Guille Fernández,Midfielder,,2025/26 squad carryover,Unavailable
Barcelona,371565,Juan Hernández,Midfielder,,2025/26 squad carryover,Unavailable
Barcelona,376423,Marc Bernal,Midfielder,https://upload.wikimedia.org/wikipedia/commons/thumb/4/4b/Marc_Bernal_%282025%29.png/250px-Marc_Bernal_%282025%29.png,2026/27 roster feed,Wikimedia Commons
Barcelona,345489,Marc Casadó,Midfielder,https://upload.wikimedia.org/wikipedia/commons/thumb/b/b9/Marc_Casad%C3%B3%2C_durant_la_gira_de_pretemporada_a_EUA._%2805-08-2024%29_%28cropped%29.jpg/250px-Marc_Casad%C3%B3%2C_durant_la_gira_de_pretemporada_a_EUA._%2805-08-2024%29_%28cropped%29.jpg,2026/27 roster feed,Wikimedia Commons
Barcelona,250465,Pedri,Midfielder,https://upload.wikimedia.org/wikipedia/commons/thumb/1/1c/Pedri_France_v_Spain_7.24.26-245.jpg/250px-Pedri_France_v_Spain_7.24.26-245.jpg,2026/27 roster feed,Wikimedia Commons
Barcelona,403590,Tomás Marqués,Midfielder,,2025/26 squad carryover,Unavailable
Celta Vigo,195790,Carl Starfelt,Defender,,2025/26 squad carryover,Unavailable
Celta Vigo,312376,Carlos Domínguez,Defender,,2025/26 squad carryover,Unavailable
Celta Vigo,376147,Javi Rodríguez,Defender,,2025/26 squad carryover,Unavailable
Celta Vigo,331586,Javi Rueda,Defender,,2025/26 squad carryover,Unavailable
Celta Vigo,219309,Joseph Aidoo,Defender,,2025/26 squad carryover,Unavailable
Celta Vigo,300985,Manu Sánchez,Defender,,2026/27 roster feed,Unavailable
Celta Vigo,409477,Manuel Fernández,Defender,,2025/26 squad carryover,Unavailable
Celta Vigo,146127,Marcos Alonso,Defender,,2025/26 squad carryover,Unavailable
Celta Vigo,221334,Mihailo Ristic,Defender,,2025/26 squad carryover,Unavailable
Celta Vigo,414291,Pablo Meixús,Defender,,2025/26 squad carryover,Unavailable
Celta Vigo,298343,Sergio Carreira,Defender,,2025/26 squad carryover,Unavailable
Celta Vigo,384643,Yoel Lago,Defender,,2025/26 squad carryover,Unavailable
Celta Vigo,367430,Álvaro Núñez,Defender,,2025/26 squad carryover,Unavailable
Celta Vigo,276546,Óscar Mingueza,Defender,,2025/26 squad carryover,Unavailable
Celta Vigo,214995,Borja Iglesias,Forward,https://commons.wikimedia.org/wiki/Special:FilePath/Borja%20Iglesias%20Argentina%20v%20Spain%2019%20July%202026-253%20%28cropped%29.jpg,2025/26 squad carryover,Wikimedia Commons
Celta Vigo,279904,Ferran Jutglà,Forward,https://commons.wikimedia.org/wiki/Special:FilePath/Ferran%20Jutgl%C3%A0%20-%20UE%20Sant%20Andreu.jpg,2025/26 squad carryover,Wikimedia Commons
Celta Vigo,324811,Hugo Gonzalez,Forward,,2025/26 squad carryover,Unavailable
Celta Vigo,92800,Iago Aspas,Forward,https://commons.wikimedia.org/wiki/Special:FilePath/XXIII%20Memorial%20Quinocho%20%28RC%20Celta%20vs%20Mainz%2005%29%20-%2010.jpg,2025/26 squad carryover,Wikimedia Commons
Celta Vigo,334111,Jones El-Abdellaoui,Forward,,2025/26 squad carryover,Unavailable
Celta Vigo,138448,Pablo Durán,Forward,,2025/26 squad carryover,Unavailable
Celta Vigo,415036,Ángel Arcos,Forward,,2025/26 squad carryover,Unavailable
Celta Vigo,405521,Óscar Marcos,Forward,,2025/26 squad carryover,Unavailable
Celta Vigo,144720,Andrei Radu,Goalkeeper,,2025/26 squad carryover,Unavailable
Celta Vigo,242580,Iván Villar,Goalkeeper,,2025/26 squad carryover,Unavailable
Celta Vigo,138674,Marc Vidal,Goalkeeper,,2025/26 squad carryover,Unavailable
Celta Vigo,376424,Marcos González,Goalkeeper,,2025/26 squad carryover,Unavailable
Celta Vigo,414292,Andrés Antañón,Midfielder,,2025/26 squad carryover,Unavailable
Celta Vigo,395625,Fernando López,Midfielder,,2025/26 squad carryover,Unavailable
Celta Vigo,204014,Franco Cervi,Midfielder,,2025/26 squad carryover,Unavailable
Celta Vigo,414293,Hugo Burcio,Midfielder,,2025/26 squad carryover,Unavailable
Celta Vigo,188391,Hugo Álvarez,Midfielder,,2025/26 squad carryover,Unavailable
Celta Vigo,297829,Ilaix Moriba,Midfielder,,2025/26 squad carryover,Unavailable
Celta Vigo,145600,Matías Vecino,Midfielder,,2025/26 squad carryover,Unavailable
Celta Vigo,353736,Miguel Román,Midfielder,,2025/26 squad carryover,Unavailable
Celta Vigo,322652,Williot Swedberg,Midfielder,,2025/26 squad carryover,Unavailable
Deportivo La Coruña,308006,Adrià Altimira,Defender,,2026/27 roster feed,Unavailable
Deportivo La Coruña,300333,Arnau Comas,Defender,,2026/27 roster feed,Unavailable
Deportivo La Coruña,3102992,Bright Ede,Defender,,2026/27 roster feed,Unavailable
Deportivo La Coruña,413920,Damián Canedo,Defender,,2025/26 squad carryover,Unavailable
Deportivo La Coruña,354646,Dani Barcia,Defender,https://upload.wikimedia.org/wikipedia/commons/thumb/6/68/Deportivo_da_Coru%C3%B1a_-_CD_Castell%C3%B3n%2C_ida_da_final_da_Primeira_RFEF_2023-24_-_32_%28Dani_Barcia%29.jpg/250px-Deportivo_da_Coru%C3%B1a_-_CD_Castell%C3%B3n%2C_ida_da_final_da_Primeira_RFEF_2023-24_-_32_%28Dani_Barcia%29.jpg,2026/27 roster feed,Wikimedia Commons
Deportivo La Coruña,402403,Enrique Teijo,Defender,,2025/26 squad carryover,Unavailable
Deportivo La Coruña,275924,Giacomo Quagliata,Defender,https://upload.wikimedia.org/wikipedia/commons/thumb/c/cf/Giacomo_quagliata-1648882110.jpg/250px-Giacomo_quagliata-1648882110.jpg,2026/27 roster feed,Wikimedia Commons
Deportivo La Coruña,384164,Iker Vidal,Defender,,2025/26 squad carryover,Unavailable
Deportivo La Coruña,321112,Lucas Noubi,Defender,,2026/27 roster feed,Unavailable
Deportivo La Coruña,402351,Mardones,Defender,,2026/27 roster feed,Unavailable
Deportivo La Coruña,259915,Miguel Loureiro,Defender,https://upload.wikimedia.org/wikipedia/commons/thumb/0/01/Partido_Galicia_-_Panam%C3%A1_en_Bala%C3%ADdos_10_%28cropped%29.jpg/250px-Partido_Galicia_-_Panam%C3%A1_en_Bala%C3%ADdos_10_%28cropped%29.jpg,2026/27 roster feed,Wikimedia Commons
Deportivo La Coruña,388563,Pablo García,Defender,,2026/27 roster feed,Unavailable
Deportivo La Coruña,396037,Samu Fernández,Defender,,2025/26 squad carryover,Unavailable
Deportivo La Coruña,157568,Ximo Navarro,Defender,,2026/27 roster feed,Unavailable
Deportivo La Coruña,274405,Adrián Guerrero,Forward,,2026/27 roster feed,Unavailable
Deportivo La Coruña,409861,Alioune Mané,Forward,,2025/26 squad carryover,Unavailable
Deportivo La Coruña,414299,Bil Nsongo,Forward,,2026/27 roster feed,Unavailable
Deportivo La Coruña,375390,David Mella,Forward,https://upload.wikimedia.org/wikipedia/commons/thumb/3/3f/Deportivo_da_Coru%C3%B1a_-_CD_Castell%C3%B3n%2C_ida_da_final_da_Primeira_RFEF_2023-24_-_22.jpg/250px-Deportivo_da_Coru%C3%B1a_-_CD_Castell%C3%B3n%2C_ida_da_final_da_Primeira_RFEF_2023-24_-_22.jpg,2026/27 roster feed,Wikimedia Commons
Deportivo La Coruña,375441,Fabián Urzain,Forward,,2025/26 squad carryover,Unavailable
Deportivo La Coruña,331530,Kevin Sánchez,Forward,https://upload.wikimedia.org/wikipedia/commons/thumb/b/b0/Deportivo_da_Coru%C3%B1a_-_CD_Castell%C3%B3n%2C_ida_da_final_da_Primeira_RFEF_2023-24_-_63.jpg/250px-Deportivo_da_Coru%C3%B1a_-_CD_Castell%C3%B3n%2C_ida_da_final_da_Primeira_RFEF_2023-24_-_63.jpg,2026/27 roster feed,Wikimedia Commons
Deportivo La Coruña,324166,Luis Cruz,Forward,https://upload.wikimedia.org/wikipedia/commons/thumb/8/83/Luis_Cruz_2013.jpg/250px-Luis_Cruz_2013.jpg,2026/27 roster feed,Wikimedia Commons
Deportivo La Coruña,375392,Martín Ochoa,Forward,,2026/27 roster feed,Unavailable
Deportivo La Coruña,323030,Mohamed Bouldini,Forward,,2026/27 roster feed,Unavailable
Deportivo La Coruña,122260,Pierre-Emerick Aubameyang,Forward,https://upload.wikimedia.org/wikipedia/commons/thumb/3/37/1_Pierre-Emerick_Aubameyang_%28cropped%29.jpg/250px-1_Pierre-Emerick_Aubameyang_%28cropped%29.jpg,2026/27 roster feed,Wikimedia Commons
Deportivo La Coruña,312392,Yeremay Hernández,Forward,https://upload.wikimedia.org/wikipedia/commons/thumb/1/12/Yeremay_Hern%C3%A1ndez_%28cropped%29.jpg/250px-Yeremay_Hern%C3%A1ndez_%28cropped%29.jpg,2026/27 roster feed,Wikimedia Commons
Deportivo La Coruña,286769,Zakaria Eddahchouri,Forward,https://upload.wikimedia.org/wikipedia/commons/thumb/1/13/Zakaria_Eddahchouri.jpg/250px-Zakaria_Eddahchouri.jpg,2026/27 roster feed,Wikimedia Commons
Deportivo La Coruña,375190,Eric Puerto,Goalkeeper,https://upload.wikimedia.org/wikipedia/commons/thumb/f/f0/Deportivo_da_Coru%C3%B1a_-_CD_Castell%C3%B3n%2C_ida_da_final_da_Primeira_RFEF_2023-24_-_31.jpg/250px-Deportivo_da_Coru%C3%B1a_-_CD_Castell%C3%B3n%2C_ida_da_final_da_Primeira_RFEF_2023-24_-_31.jpg,2026/27 roster feed,Wikimedia Commons
Deportivo La Coruña,181288,Germán Parreño,Goalkeeper,,2026/27 roster feed,Unavailable
Deportivo La Coruña,412310,Hugo Ríos,Goalkeeper,,2025/26 squad carryover,Unavailable
Deportivo La Coruña,300926,Leo Román,Goalkeeper,,2026/27 roster feed,Unavailable
Deportivo La Coruña,96060,Álvaro Fernández,Goalkeeper,,2026/27 roster feed,Unavailable
Deportivo La Coruña,327167,Charlie Patino,Midfielder,https://upload.wikimedia.org/wikipedia/commons/thumb/0/01/Charlie_Patino_October_2019.jpg/250px-Charlie_Patino_October_2019.jpg,2026/27 roster feed,Wikimedia Commons
Deportivo La Coruña,331742,Diego Villares,Midfielder,https://upload.wikimedia.org/wikipedia/commons/thumb/0/0e/Partido_Galicia_-_Panam%C3%A1_en_Bala%C3%ADdos_13_%28cropped%29.jpg/250px-Partido_Galicia_-_Panam%C3%A1_en_Bala%C3%ADdos_13_%28cropped%29.jpg,2026/27 roster feed,Wikimedia Commons
Deportivo La Coruña,353337,Enrique Fernández,Midfielder,,2025/26 squad carryover,Unavailable
Deportivo La Coruña,375391,Jairo Noriega,Midfielder,,2026/27 roster feed,Unavailable
Deportivo La Coruña,384414,Jonathan Asp Jensen,Midfielder,,2026/27 roster feed,Unavailable
Deportivo La Coruña,158250,José Ángel,Midfielder,,2026/27 roster feed,Unavailable
Deportivo La Coruña,356639,Lorenzo Amatucci,Midfielder,https://upload.wikimedia.org/wikipedia/commons/thumb/a/ac/Lorenzo_Amatucci.jpg/250px-Lorenzo_Amatucci.jpg,2026/27 roster feed,Wikimedia Commons
Deportivo La Coruña,297353,Mario Soriano Carreno,Midfielder,,2026/27 roster feed,Unavailable
Deportivo La Coruña,415735,Noé Carrillo,Midfielder,,2025/26 squad carryover,Unavailable
Deportivo La Coruña,279609,Riki Rodríguez,Midfielder,,2026/27 roster feed,Unavailable
Deportivo La Coruña,375566,Rubén,Midfielder,,2026/27 roster feed,Unavailable
Deportivo La Coruña,362123,Teun Gijselhart,Midfielder,,2026/27 roster feed,Unavailable
Elche,395620,Albert Niculaesei,Defender,,2025/26 squad carryover,Unavailable
Elche,267530,Bambo Diaby,Defender,https://upload.wikimedia.org/wikipedia/commons/thumb/9/94/2025-12-03_-_Copa_del_Rey_de_f%C3%BAtbol%2C_C.D._Quintanar_del_Rey_contra_el_Elche_C.F_-_54962303553_%28cropped%29_Bambo_Diaby.jpg/250px-2025-12-03_-_Copa_del_Rey_de_f%C3%BAtbol%2C_C.D._Quintanar_del_Rey_contra_el_Elche_C.F_-_54962303553_%28cropped%29_Bambo_Diaby.jpg,2026/27 roster feed,Wikimedia Commons
Elche,395235,Bema Sina,Defender,,2025/26 squad carryover,Unavailable
Elche,371608,Buba Sangaré,Defender,,2026/27 roster feed,Unavailable
Elche,313230,David Affengruber,Defender,,2026/27 roster feed,Unavailable
Elche,337455,David Delgado,Defender,,2025/26 squad carryover,Unavailable
Elche,311996,John Donald,Defender,,2025/26 squad carryover,Unavailable
Elche,231780,Léo Pétrot,Defender,,2025/26 squad carryover,Unavailable
Elche,389448,Matia Barzic,Defender,,2026/27 roster feed,Unavailable
Elche,397494,Nico Salvador,Defender,,2025/26 squad carryover,Unavailable
Elche,420895,Pablo Felipe,Defender,,2025/26 squad carryover,Unavailable
Elche,167297,Pedro Bigas,Defender,,2026/27 roster feed,Unavailable
Elche,265995,Víctor Chust,Defender,,2026/27 roster feed,Unavailable
Elche,336840,Abiel Osorio,Forward,,2026/27 roster feed,Unavailable
Elche,367682,Adam Boayar,Forward,https://commons.wikimedia.org/wiki/Special:FilePath/2025-12-03%20-%20Copa%20del%20Rey%20de%20f%C3%BAtbol%2C%20C.D.%20Quintanar%20del%20Rey%20contra%20el%20Elche%20C.F%20-%2054962303553%20%28cropped%29%20Adam%20Boayar.jpg,2025/26 squad carryover,Wikimedia Commons
Elche,376156,Ali Houary,Forward,https://commons.wikimedia.org/wiki/Special:FilePath/2025-12-03%20-%20Copa%20del%20Rey%20de%20f%C3%BAtbol%2C%20C.D.%20Quintanar%20del%20Rey%20contra%20el%20Elche%20C.F%20-%2054962303553%20%28cropped%29%20Ali%20Houary.jpg,2026/27 roster feed,Wikimedia Commons
Elche,3368,André Silva,Forward,https://commons.wikimedia.org/wiki/Special:FilePath/Andr%C3%A9%20Silva%2C%20PAN.jpg,2025/26 squad carryover,Wikimedia Commons
Elche,367962,Daniel Ballesteros Fernández,Forward,,2025/26 squad carryover,Unavailable
Elche,297358,Germán Valera,Forward,,2026/27 roster feed,Unavailable
Elche,242739,Grady Diangana,Forward,https://upload.wikimedia.org/wikipedia/commons/thumb/f/f1/Hertha_BSC_vs._West_Ham_United_20190731_%28194%29.jpg/250px-Hertha_BSC_vs._West_Ham_United_20190731_%28194%29.jpg,2026/27 roster feed,Wikimedia Commons
Elche,259916,José Antonio Morente,Forward,,2026/27 roster feed,Unavailable
Elche,412171,Juan Piera,Forward,,2025/26 squad carryover,Unavailable
Elche,320648,Lucas Cepeda,Forward,https://upload.wikimedia.org/wikipedia/commons/thumb/8/8a/Lucas_Cepeda_Santiago_Wanderers_v_Uni%C3%B3n_San_Felipe_20231115.jpg/250px-Lucas_Cepeda_Santiago_Wanderers_v_Uni%C3%B3n_San_Felipe_20231115.jpg,2026/27 roster feed,Wikimedia Commons
Elche,368877,Nordin Al Lal,Forward,,2026/27 roster feed,Unavailable
Elche,379842,Rafael Núñez,Forward,https://upload.wikimedia.org/wikipedia/commons/thumb/7/73/Rafael_N%C3%BA%C3%B1ez_Moledo.jpg/250px-Rafael_N%C3%BA%C3%B1ez_Moledo.jpg,2026/27 roster feed,Wikimedia Commons
Elche,326234,Yago Alonso,Forward,,2026/27 roster feed,Unavailable
Elche,417996,Álex Sánchez,Forward,,2025/26 squad carryover,Unavailable
Elche,353151,Álvaro Rodríguez,Forward,,2025/26 squad carryover,Unavailable
Elche,330433,Alejandro Iturbe,Goalkeeper,,2026/27 roster feed,Unavailable
Elche,282680,Iñaki Peña,Goalkeeper,,2025/26 squad carryover,Unavailable
Elche,173749,Matías Dituro,Goalkeeper,https://upload.wikimedia.org/wikipedia/commons/thumb/0/02/Universidad_Cat%C3%B3lica_-_Curic%C3%B3_Unido_20190331_13.jpg/250px-Universidad_Cat%C3%B3lica_-_Curic%C3%B3_Unido_20190331_13.jpg,2026/27 roster feed,Wikimedia Commons
Elche,240235,Aleix Febas,Midfielder,,2025/26 squad carryover,Unavailable
Elche,418452,Alex Herraiz,Midfielder,,2025/26 squad carryover,Unavailable
Elche,409514,Antonio Martínez,Midfielder,,2025/26 squad carryover,Unavailable
Elche,318181,Federico Redondo,Midfielder,https://upload.wikimedia.org/wikipedia/commons/thumb/a/a4/Federico_Redondo_NE_Revolution_Inter_Miami_7.9.25-049_%28cropped%29.jpg/250px-Federico_Redondo_NE_Revolution_Inter_Miami_7.9.25-049_%28cropped%29.jpg,2026/27 roster feed,Wikimedia Commons
Elche,273424,Gonzalo Villar,Midfielder,,2026/27 roster feed,Unavailable
Elche,214330,Josan,Midfielder,,2026/27 roster feed,Unavailable
Elche,301406,Marc Aguado,Midfielder,,2026/27 roster feed,Unavailable
Elche,340677,Martim Neto,Midfielder,https://upload.wikimedia.org/wikipedia/commons/thumb/0/0c/Next_Generation_Trophy_2018_-Erster_Tag_05.jpg/250px-Next_Generation_Trophy_2018_-Erster_Tag_05.jpg,2026/27 roster feed,Wikimedia Commons
Espanyol,323737,Clemens Riedel,Defender,https://upload.wikimedia.org/wikipedia/commons/thumb/9/96/ClemensRiedel.jpg/250px-ClemensRiedel.jpg,2026/27 roster feed,Wikimedia Commons
Espanyol,184488,José Salinas,Defender,,2025/26 squad carryover,Unavailable
Espanyol,397289,José Ángel López,Defender,,2025/26 squad carryover,Unavailable
Espanyol,133259,Leandro Cabrera,Defender,https://upload.wikimedia.org/wikipedia/commons/thumb/1/12/Leandro_Cabrera_2022.jpg/250px-Leandro_Cabrera_2022.jpg,2026/27 roster feed,Wikimedia Commons
Espanyol,273291,Miguel Rubio,Defender,,2026/27 roster feed,Unavailable
Espanyol,310682,Omar El Hilali,Defender,https://upload.wikimedia.org/wikipedia/commons/thumb/9/96/BHA_5_v_Espanyol_1_pre_season_30_07_2022_51_%28cropped%29.jpg/250px-BHA_5_v_Espanyol_1_pre_season_30_07_2022_51_%28cropped%29.jpg,2026/27 roster feed,Wikimedia Commons
Espanyol,282672,Pablo Ramon,Defender,,2026/27 roster feed,Unavailable
Espanyol,346210,Quilindschy Hartman,Defender,https://upload.wikimedia.org/wikipedia/commons/thumb/b/bf/Quilindschy_Hartman.jpg/250px-Quilindschy_Hartman.jpg,2026/27 roster feed,Wikimedia Commons
Espanyol,401377,Roger Hinojo,Defender,,2026/27 roster feed,Unavailable
Espanyol,319781,Rubén Sánchez,Defender,,2026/27 roster feed,Unavailable
Espanyol,420443,Adama Timera,Forward,,2025/26 squad carryover,Unavailable
Espanyol,377793,Alex Almansa,Forward,,2025/26 squad carryover,Unavailable
Espanyol,368332,Antoniu Roca,Forward,,2025/26 squad carryover,Unavailable
Espanyol,355902,Cala,Forward,https://commons.wikimedia.org/wiki/Special:FilePath/Road%20in%20Cala%20%28Huelva%29.jpg,2026/27 roster feed,Wikimedia Commons
Espanyol,283741,Cyril Ngonge,Forward,,2025/26 squad carryover,Unavailable
Espanyol,135422,Enrique García,Forward,https://commons.wikimedia.org/wiki/Special:FilePath/Enrique%20garcia%20rosariocentral.jpg,2026/27 roster feed,Wikimedia Commons
Espanyol,260243,Javier Puado,Forward,,2026/27 roster feed,Unavailable
Espanyol,307270,Jofre Carreras,Forward,,2026/27 roster feed,Unavailable
Espanyol,371566,Lluc Castell,Forward,,2025/26 squad carryover,Unavailable
Espanyol,354621,Marcos Fernández,Forward,,2026/27 roster feed,Unavailable
Espanyol,318773,Roberto Fernández,Forward,,2026/27 roster feed,Unavailable
Espanyol,306520,Tyrhys Dolan,Forward,https://upload.wikimedia.org/wikipedia/commons/thumb/3/38/Tyrhys_Dolan_October_2017_%28cropped%29.jpg/250px-Tyrhys_Dolan_October_2017_%28cropped%29.jpg,2026/27 roster feed,Wikimedia Commons
Espanyol,381681,Llorenç Serred,Goalkeeper,,2025/26 squad carryover,Unavailable
Espanyol,179211,Marko Dmitrovic,Goalkeeper,,2026/27 roster feed,Unavailable
Espanyol,331757,Pol Tristan,Goalkeeper,,2026/27 roster feed,Unavailable
Espanyol,307419,Ángel Fortuño,Goalkeeper,,2026/27 roster feed,Unavailable
Espanyol,235875,Charles Pickel,Midfielder,,2025/26 squad carryover,Unavailable
Espanyol,255272,Edu Expósito,Midfielder,,2026/27 roster feed,Unavailable
Espanyol,414298,Ferran Gomez,Midfielder,,2025/26 squad carryover,Unavailable
Espanyol,361468,Gabriel Moscardo,Midfielder,https://upload.wikimedia.org/wikipedia/commons/thumb/6/6b/Moscardo_asse_sr_2425.png/250px-Moscardo_asse_sr_2425.png,2026/27 roster feed,Wikimedia Commons
Espanyol,367946,Javi Hernandez,Midfielder,,2026/27 roster feed,Unavailable
Espanyol,389975,Miguel Londoño,Midfielder,,2025/26 squad carryover,Unavailable
Espanyol,196914,Pere Milla,Midfielder,,2026/27 roster feed,Unavailable
Espanyol,260242,Pol Lozano,Midfielder,,2026/27 roster feed,Unavailable
Espanyol,383900,Rafael Bauza,Midfielder,,2026/27 roster feed,Unavailable
Espanyol,307915,Urko Gonzalez,Midfielder,,2026/27 roster feed,Unavailable
Getafe,277876,Abdel Abqar,Defender,https://upload.wikimedia.org/wikipedia/commons/thumb/e/ef/Abqar.jpg/250px-Abqar.jpg,2026/27 roster feed,Wikimedia Commons
Getafe,136945,Allan Nyom,Defender,,2025/26 squad carryover,Unavailable
Getafe,356080,Andrés García,Defender,https://upload.wikimedia.org/wikipedia/commons/thumb/d/df/Andres_Garcia.jpg/250px-Andres_Garcia.jpg,2026/27 roster feed,Wikimedia Commons
Getafe,406832,Davinchi,Defender,,2026/27 roster feed,Unavailable
Getafe,193943,Diego Rico,Defender,,2025/26 squad carryover,Unavailable
Getafe,181355,Djené,Defender,,2026/27 roster feed,Unavailable
Getafe,219234,Domingos Duarte,Defender,,2025/26 squad carryover,Unavailable
Getafe,398720,Ismael Bekhoucha,Defender,,2025/26 squad carryover,Unavailable
Getafe,395479,Jean Ives Valou,Defender,,2026/27 roster feed,Unavailable
Getafe,415194,Jorge Montes,Defender,,2025/26 squad carryover,Unavailable
Getafe,262061,Juan Berrocal,Defender,,2026/27 roster feed,Unavailable
Getafe,125749,Kiko Femenía,Defender,https://upload.wikimedia.org/wikipedia/commons/thumb/6/64/Kiko_Femen%C3%ADa_at_FC_Barcelona_B.jpg/250px-Kiko_Femen%C3%ADa_at_FC_Barcelona_B.jpg,2026/27 roster feed,Wikimedia Commons
Getafe,324947,Lucas Laso,Defender,,2025/26 squad carryover,Unavailable
Getafe,312919,Marc Vilaplana,Defender,,2025/26 squad carryover,Unavailable
Getafe,359826,Sebastián Boselli,Defender,https://upload.wikimedia.org/wikipedia/commons/thumb/a/ae/Uruguay_1_Italia_0_a_Italia_-_Uruguay_campe%C3%B3n_Mundial_Sub_20_2023_230611-4425-jikatu_%2852989759954%29_%28cropped%29.jpg/250px-Uruguay_1_Italia_0_a_Italia_-_Uruguay_campe%C3%B3n_Mundial_Sub_20_2023_230611-4425-jikatu_%2852989759954%29_%28cropped%29.jpg,2026/27 roster feed,Wikimedia Commons
Getafe,415284,Tito,Defender,,2025/26 squad carryover,Unavailable
Getafe,300111,Zaid Romero,Defender,,2026/27 roster feed,Unavailable
Getafe,275674,Abu Kamara,Forward,https://commons.wikimedia.org/wiki/Special:FilePath/Banc%20de%20touche%20Sierra%20Leonais.jpg,2025/26 squad carryover,Wikimedia Commons
Getafe,381682,Adrián Liso,Forward,,2025/26 squad carryover,Unavailable
Getafe,218793,Borja Mayoral,Forward,https://upload.wikimedia.org/wikipedia/commons/thumb/f/f9/Borja_Mayoral_2016.png/250px-Borja_Mayoral_2016.png,2026/27 roster feed,Wikimedia Commons
Getafe,376208,Joselu Pérez,Forward,,2025/26 squad carryover,Unavailable
Getafe,143643,Juanmi,Forward,,2026/27 roster feed,Unavailable
Getafe,285032,Luis Vázquez,Forward,,2025/26 squad carryover,Unavailable
Getafe,284854,Martín Satriano,Forward,,2026/27 roster feed,Unavailable
Getafe,411279,Mykyta Aleksandrov,Forward,,2025/26 squad carryover,Unavailable
Getafe,384057,Yassin Tallal,Forward,,2025/26 squad carryover,Unavailable
Getafe,354342,Álex Sancris,Forward,,2026/27 roster feed,Unavailable
Getafe,196339,David Soria,Goalkeeper,https://upload.wikimedia.org/wikipedia/commons/thumb/9/9e/05-05-2016_-_Sevilla_FC_-_FC_Shakhtar_Donetsk_-_3-1_%2826235556264%29_%28cropped%29.jpg/250px-05-05-2016_-_Sevilla_FC_-_FC_Shakhtar_Donetsk_-_3-1_%2826235556264%29_%28cropped%29.jpg,2026/27 roster feed,Wikimedia Commons
Getafe,388898,Diego Ferrer,Goalkeeper,,2025/26 squad carryover,Unavailable
Getafe,344245,Jirí Letácek,Goalkeeper,,2026/27 roster feed,Unavailable
Getafe,367961,Jorge Benito,Goalkeeper,,2025/26 squad carryover,Unavailable
Getafe,417541,Adrián Riquelme,Midfielder,,2025/26 squad carryover,Unavailable
Getafe,383912,Alberto Risco,Midfielder,,2025/26 squad carryover,Unavailable
Getafe,416642,Alejandro Mestanza,Midfielder,,2025/26 squad carryover,Unavailable
Getafe,386256,Christantus Uche,Midfielder,,2026/27 roster feed,Unavailable
Getafe,312005,Damián,Midfielder,,2025/26 squad carryover,Unavailable
Getafe,353815,Hugo Solozabal,Midfielder,,2025/26 squad carryover,Unavailable
Getafe,214275,Javi Muñoz,Midfielder,,2026/27 roster feed,Unavailable
Getafe,264211,Luis Milla,Midfielder,https://commons.wikimedia.org/wiki/Special:FilePath/Luis%20Milla.png,2025/26 squad carryover,Wikimedia Commons
Getafe,357147,Mario Martín,Midfielder,,2026/27 roster feed,Unavailable
Getafe,199775,Mauro Arambarri,Midfielder,,2025/26 squad carryover,Unavailable
Getafe,309838,Ramón Terrats,Midfielder,,2026/27 roster feed,Unavailable
Getafe,238991,Veljko Birmancevic,Midfielder,,2025/26 squad carryover,Unavailable
Getafe,252477,Yvan Neyou,Midfielder,https://upload.wikimedia.org/wikipedia/commons/thumb/0/0d/Lens_-_Saint-Etienne_%2803-10-2020%29_16_%28cropped%29_%28cropped%29.jpg/250px-Lens_-_Saint-Etienne_%2803-10-2020%29_16_%28cropped%29_%28cropped%29.jpg,2026/27 roster feed,Wikimedia Commons
Levante,276841,Adrián de la Fuente,Defender,,2026/27 roster feed,Unavailable
Levante,341774,Alan Matturro,Defender,https://r2.thesportsdb.com/images/media/player/thumb/uag5wv1697978049.jpg,2025/26 squad carryover,TheSportsDB
Levante,150451,Aïssa Mandi,Defender,https://upload.wikimedia.org/wikipedia/commons/thumb/4/40/Mandi_asselosc_2425_%28cropped%29.jpg/250px-Mandi_asselosc_2425_%28cropped%29.jpg,2026/27 roster feed,Wikimedia Commons
Levante,264488,Diego Pampín,Defender,,2025/26 squad carryover,Unavailable
Levante,414295,Huseini Nakoha,Defender,,2025/26 squad carryover,Unavailable
Levante,186024,Jeremy Toljan,Defender,https://upload.wikimedia.org/wikipedia/commons/thumb/0/03/20161011_U21_AUT_GER_9302.jpg/250px-20161011_U21_AUT_GER_9302.jpg,2026/27 roster feed,Wikimedia Commons
Levante,381071,Jorge Cabello,Defender,,2026/27 roster feed,Unavailable
Levante,372110,Martín Krug,Defender,,2025/26 squad carryover,Unavailable
Levante,186457,Matías Moreno,Defender,https://commons.wikimedia.org/wiki/Special:FilePath/Augustins%20-%20Portrait%20du%20peintre%20espagnol%20Mat%C3%ADas%20Moreno%20-%20Charles%20Durand%20dit%20Carolus-Duran%20P1652.jpg,2025/26 squad carryover,Wikimedia Commons
Levante,409383,Nacho Pérez,Defender,,2026/27 roster feed,Unavailable
Levante,271151,Pablo Martínez,Defender,,2025/26 squad carryover,Unavailable
Levante,231214,Unai Elgezabel,Defender,,2026/27 roster feed,Unavailable
Levante,203680,Víctor García,Defender,,2026/27 roster feed,Unavailable
Levante,367655,Xavi Grande,Defender,,2026/27 roster feed,Unavailable
Levante,380286,Carlos Espí,Forward,,2026/27 roster feed,Unavailable
Levante,346676,Etta Eyong,Forward,,2026/27 roster feed,Unavailable
Levante,292222,Iker Losada,Forward,https://commons.wikimedia.org/wiki/Special:FilePath/Partido%20Galicia%20-%20Panam%C3%A1%20en%20Bala%C3%ADdos%20108%20%28cropped%29.jpg,2025/26 squad carryover,Wikimedia Commons
Levante,311054,Iván Romero,Forward,,2026/27 roster feed,Unavailable
Levante,184640,José Luis Morales,Forward,,2025/26 squad carryover,Unavailable
Levante,415819,Kareem Tunde,Forward,,2026/27 roster feed,Unavailable
Levante,384985,Paco Cortés,Forward,,2026/27 roster feed,Unavailable
Levante,324954,Tai Abed,Forward,,2026/27 roster feed,Unavailable
Levante,340744,Alejandro Primo,Goalkeeper,,2026/27 roster feed,Unavailable
Levante,409381,Cayetano,Goalkeeper,,2025/26 squad carryover,Unavailable
Levante,388809,Daniel Martín,Goalkeeper,,2026/27 roster feed,Unavailable
Levante,141438,Mathew Ryan,Goalkeeper,,2025/26 squad carryover,Unavailable
Levante,316040,Pablo Cuñat,Goalkeeper,,2026/27 roster feed,Unavailable
Levante,3731,Carlos Álvarez,Midfielder,,2026/27 roster feed,Unavailable
Levante,375758,Dani Cervera,Midfielder,,2025/26 squad carryover,Unavailable
Levante,362752,Dani Requena,Midfielder,,2026/27 roster feed,Unavailable
Levante,361195,Edgar Alcañiz,Midfielder,,2026/27 roster feed,Unavailable
Levante,334794,Enzo Bardeli,Midfielder,https://upload.wikimedia.org/wikipedia/commons/thumb/d/d8/Enzo_Bardeli%2C_RC_Lens_-_USL_Dunkerque_%2808-07-2023%29_61.jpg/250px-Enzo_Bardeli%2C_RC_Lens_-_USL_Dunkerque_%2808-07-2023%29_61.jpg,2026/27 roster feed,Wikimedia Commons
Levante,319114,Hugo Sotelo,Midfielder,https://upload.wikimedia.org/wikipedia/commons/thumb/5/58/Hugo_Sotelo_%28cropped%29.png/250px-Hugo_Sotelo_%28cropped%29.png,2026/27 roster feed,Wikimedia Commons
Levante,409382,Joan Ruiz Agustina,Midfielder,,2025/26 squad carryover,Unavailable
Levante,317784,Jon Ander Olasagasti,Midfielder,,2026/27 roster feed,Unavailable
Levante,260554,Kervin Arriaga,Midfielder,,2026/27 roster feed,Unavailable
Levante,269339,Orio Rey,Midfielder,,2026/27 roster feed,Unavailable
Levante,414294,Pablo Rosón,Midfielder,,2025/26 squad carryover,Unavailable
Levante,267591,Roger Brugué,Midfielder,,2026/27 roster feed,Unavailable
Levante,333319,Ugo Raghouber,Midfielder,,2025/26 squad carryover,Unavailable
Málaga,331785,Carlos Puga,Defender,,2026/27 roster feed,Unavailable
Málaga,311578,Dani Sánchez,Defender,,2026/27 roster feed,Unavailable
Málaga,350947,Diego Murillo,Defender,,2026/27 roster feed,Unavailable
Málaga,192430,Einar Galilea,Defender,https://upload.wikimedia.org/wikipedia/commons/thumb/8/86/Lens_-_Sochaux_%2815-09-2018%29_78.jpg/250px-Lens_-_Sochaux_%2815-09-2018%29_78.jpg,2026/27 roster feed,Wikimedia Commons
Málaga,261199,Fernando Calero,Defender,https://upload.wikimedia.org/wikipedia/commons/8/8e/Real_Valladolid-Valencia_CF%2C_2019-05-18_%28135%29_%28cropped%29.jpg,2026/27 roster feed,Wikimedia Commons
Málaga,376164,Miguel Santaella,Defender,,2026/27 roster feed,Unavailable
Málaga,351294,Pablo Arriaza,Defender,,2026/27 roster feed,Unavailable
Málaga,376166,Rafa Garrido,Defender,,2026/27 roster feed,Unavailable
Málaga,310869,Álex Pastor,Defender,,2026/27 roster feed,Unavailable
Málaga,319783,Ángel Recio,Defender,,2026/27 roster feed,Unavailable
Málaga,375796,Óscar González,Defender,,2026/27 roster feed,Unavailable
Málaga,373542,Adrián Niño,Forward,,2026/27 roster feed,Unavailable
Málaga,388602,Chupete,Forward,,2026/27 roster feed,Unavailable
Málaga,297828,David Larrubia,Forward,,2026/27 roster feed,Unavailable
Málaga,270610,Eneko Jauregui,Forward,,2026/27 roster feed,Unavailable
Málaga,312338,Haitam Abaida,Forward,,2026/27 roster feed,Unavailable
Málaga,180444,Joaquín Muñoz,Forward,https://commons.wikimedia.org/wiki/Special:FilePath/Joaqu%C3%ADn%20Mu%C3%B1oz%20Audax%20Italiano%20v%20Curic%C3%B3%20Unido%2020230724%2001.jpg,2026/27 roster feed,Wikimedia Commons
Málaga,145565,Juan Cruz,Forward,,2026/27 roster feed,Unavailable
Málaga,3110513,Juan Francisco Fernández Martin,Forward,,2026/27 roster feed,Unavailable
Málaga,301869,Julen Lobete,Forward,,2026/27 roster feed,Unavailable
Málaga,3110514,Alejandro Mateos Guirado,Goalkeeper,,2026/27 roster feed,Unavailable
Málaga,240624,Alfonso Herrero,Goalkeeper,,2026/27 roster feed,Unavailable
Málaga,388600,Andres Cespedes,Goalkeeper,,2026/27 roster feed,Unavailable
Málaga,355503,Carlos López,Goalkeeper,,2026/27 roster feed,Unavailable
Málaga,377777,Aarón Moloney,Midfielder,,2026/27 roster feed,Unavailable
Málaga,324098,Carlos Dotor,Midfielder,,2026/27 roster feed,Unavailable
Málaga,331533,Daniel Lorenzo,Midfielder,,2026/27 roster feed,Unavailable
Málaga,371564,Izan Merino,Midfielder,,2026/27 roster feed,Unavailable
Málaga,3110515,Joseph Otunenche Otu,Midfielder,,2026/27 roster feed,Unavailable
Málaga,248684,Juampe,Midfielder,,2026/27 roster feed,Unavailable
Málaga,200024,Luismi,Midfielder,,2025/26 squad carryover,Unavailable
Málaga,357858,Rafa Rodríguez,Midfielder,,2026/27 roster feed,Unavailable
Málaga,292225,Ramón Enríquez,Midfielder,,2026/27 roster feed,Unavailable
Osasuna,300284,Abel Bretones,Defender,,2026/27 roster feed,Unavailable
Osasuna,264175,Alejandro Catena,Defender,,2026/27 roster feed,Unavailable
Osasuna,307905,Enzo Boyomo,Defender,,2026/27 roster feed,Unavailable
Osasuna,380918,Iñigo Arguibide,Defender,https://upload.wikimedia.org/wikipedia/commons/thumb/e/e6/Argibide.jpg/250px-Argibide.jpg,2026/27 roster feed,Wikimedia Commons
Osasuna,231838,Javi Galán,Defender,,2025/26 squad carryover,Unavailable
Osasuna,307019,Jorge Herrando,Defender,,2026/27 roster feed,Unavailable
Osasuna,155392,Juan Cruz,Defender,,2025/26 squad carryover,Unavailable
Osasuna,375760,Mikel Serrano,Defender,,2025/26 squad carryover,Unavailable
Osasuna,389636,Raúl Chasco,Defender,,2025/26 squad carryover,Unavailable
Osasuna,415867,Unai Santos,Defender,,2025/26 squad carryover,Unavailable
Osasuna,238252,Valentin Rosier,Defender,https://upload.wikimedia.org/wikipedia/commons/thumb/c/c0/Valentine_Rosier_20231008_%28cropped%29.jpg/250px-Valentine_Rosier_20231008_%28cropped%29.jpg,2026/27 roster feed,Wikimedia Commons
Osasuna,415275,Aly Doumbia,Forward,,2025/26 squad carryover,Unavailable
Osasuna,207288,Ante Budimir,Forward,https://upload.wikimedia.org/wikipedia/commons/thumb/8/81/Ante_Budimir_Croatia_v_Portugal_2_July_2026-034.jpg/250px-Ante_Budimir_Croatia_v_Portugal_2_July_2026-034.jpg,2026/27 roster feed,Wikimedia Commons
Osasuna,209580,Enrique Barja,Forward,,2026/27 roster feed,Unavailable
Osasuna,333379,Iker Benito,Forward,,2026/27 roster feed,Unavailable
Osasuna,311969,Jonathan Dubasin,Forward,,2026/27 roster feed,Unavailable
Osasuna,409474,Martín Pedroarena,Forward,,2025/26 squad carryover,Unavailable
Osasuna,169089,Moi Gómez,Forward,https://upload.wikimedia.org/wikipedia/commons/thumb/4/4e/Moi_G%C3%B3mez.jpg/250px-Moi_G%C3%B3mez.jpg,2026/27 roster feed,Wikimedia Commons
Osasuna,296163,Raúl García,Forward,,2026/27 roster feed,Unavailable
Osasuna,303906,Raúl Moro,Forward,https://upload.wikimedia.org/wikipedia/commons/thumb/e/e0/Ra%C3%BAl_Moro_en_la_tienda_Movistar.jpg/250px-Ra%C3%BAl_Moro_en_la_tienda_Movistar.jpg,2026/27 roster feed,Wikimedia Commons
Osasuna,347430,Roberto Arroyo,Forward,,2025/26 squad carryover,Unavailable
Osasuna,397545,Víctor Muñoz,Forward,,2025/26 squad carryover,Unavailable
Osasuna,144759,Aitor Fernández,Goalkeeper,,2026/27 roster feed,Unavailable
Osasuna,353490,Dimitrios Stamatakis,Goalkeeper,,2025/26 squad carryover,Unavailable
Osasuna,403704,Rafa Fernández,Goalkeeper,,2025/26 squad carryover,Unavailable
Osasuna,191360,Sergio Herrera,Goalkeeper,,2026/27 roster feed,Unavailable
Osasuna,288760,Aimar Oroz,Midfielder,https://upload.wikimedia.org/wikipedia/commons/thumb/1/1a/Uzbekistan_vs._Spain%2C_2024_Summer_Olympic_men%27s_association_football%2C_2024-07-24_%28248%29_-_Aimar_Oroz.jpg/250px-Uzbekistan_vs._Spain%2C_2024_Summer_Olympic_men%27s_association_football%2C_2024-07-24_%28248%29_-_Aimar_Oroz.jpg,2026/27 roster feed,Wikimedia Commons
Osasuna,381628,Asier Osambela,Midfielder,https://upload.wikimedia.org/wikipedia/commons/thumb/2/27/Asier_Otsanbela.jpg/250px-Asier_Otsanbela.jpg,2026/27 roster feed,Wikimedia Commons
Osasuna,359154,Iker Muñoz,Midfielder,,2026/27 roster feed,Unavailable
Osasuna,402420,Jon García,Midfielder,,2025/26 squad carryover,Unavailable
Osasuna,286176,Jon Moncayola,Midfielder,https://upload.wikimedia.org/wikipedia/commons/thumb/f/fb/Moncayola1.jpg/250px-Moncayola1.jpg,2026/27 roster feed,Wikimedia Commons
Osasuna,170154,Lucas Torró,Midfielder,,2026/27 roster feed,Unavailable
Osasuna,409475,Mauro Echegoyen,Midfielder,,2025/26 squad carryover,Unavailable
Osasuna,178328,Rubén García,Midfielder,,2026/27 roster feed,Unavailable
Racing Santander,393944,Aitor Crespo,Defender,,2025/26 squad carryover,Unavailable
Racing Santander,300471,Alvaro Mantilla,Defender,,2026/27 roster feed,Unavailable
Racing Santander,421199,Carlos Sánchez,Defender,,2025/26 squad carryover,Unavailable
Racing Santander,150191,Diego Fuentes,Defender,,2025/26 squad carryover,Unavailable
Racing Santander,367499,Facundo González,Defender,https://upload.wikimedia.org/wikipedia/commons/thumb/e/e4/Facundo_Gonz%C3%A1lez_Uruguay.png/250px-Facundo_Gonz%C3%A1lez_Uruguay.png,2026/27 roster feed,Wikimedia Commons
Racing Santander,178237,Jorge Salinas,Defender,https://upload.wikimedia.org/wikipedia/commons/thumb/b/b4/Jorge_Salinas_Perez.jpg/250px-Jorge_Salinas_Perez.jpg,2026/27 roster feed,Wikimedia Commons
Racing Santander,259839,Manu,Defender,,2026/27 roster feed,Unavailable
Racing Santander,358285,Mario García,Defender,,2025/26 squad carryover,Unavailable
Racing Santander,3141,Andrés Martín,Forward,,2026/27 roster feed,Unavailable
Racing Santander,222365,Asier Villalibre,Forward,https://upload.wikimedia.org/wikipedia/commons/thumb/e/e5/Asier_Villalibre_%28cropped%29.jpg/250px-Asier_Villalibre_%28cropped%29.jpg,2026/27 roster feed,Wikimedia Commons
Racing Santander,289439,Giorgi Guliashvili,Forward,,2026/27 roster feed,Unavailable
Racing Santander,284699,Iñigo Vicente,Forward,https://upload.wikimedia.org/wikipedia/commons/9/9d/I%C3%B1igo_Vicente.jpg,2026/27 roster feed,Wikimedia Commons
Racing Santander,334268,Juan Carlos Arana,Forward,,2026/27 roster feed,Unavailable
Racing Santander,409317,Santi Franco,Forward,,2025/26 squad carryover,Unavailable
Racing Santander,310419,Suleiman Camara,Forward,,2026/27 roster feed,Unavailable
Racing Santander,394309,Laro Gómez,Goalkeeper,,2025/26 squad carryover,Unavailable
Racing Santander,400222,Simon Eriksson,Goalkeeper,,2026/27 roster feed,Unavailable
Racing Santander,417252,Álvaro Jiménez,Goalkeeper,,2025/26 squad carryover,Unavailable
Racing Santander,414075,Andrés Vallecillo,Midfielder,,2025/26 squad carryover,Unavailable
Racing Santander,320768,Aritz Aldasoro,Midfielder,,2025/26 squad carryover,Unavailable
Racing Santander,396027,Diego Diaz,Midfielder,,2025/26 squad carryover,Unavailable
Racing Santander,341736,Gustavo Puerta,Midfielder,https://upload.wikimedia.org/wikipedia/commons/thumb/9/94/Gustavo_Puerta_2023_%28cropped%29.jpg/250px-Gustavo_Puerta_2023_%28cropped%29.jpg,2026/27 roster feed,Wikimedia Commons
Racing Santander,128374,Javier Castro,Midfielder,,2025/26 squad carryover,Unavailable
Racing Santander,342654,Maguette Gueye,Midfielder,,2026/27 roster feed,Unavailable
Racing Santander,125383,Sergio Canales,Midfielder,https://upload.wikimedia.org/wikipedia/commons/thumb/7/7f/Real_Sociedad_-_Red_Bull_Salzburgo_52_%2839408621605%29_%28cropped%29_2.jpg/250px-Real_Sociedad_-_Red_Bull_Salzburgo_52_%2839408621605%29_%28cropped%29_2.jpg,2026/27 roster feed,Wikimedia Commons
Racing Santander,409318,Sergio Martínez,Midfielder,,2026/27 roster feed,Unavailable
Racing Santander,279699,Íñigo Sainz,Midfielder,,2026/27 roster feed,Unavailable
Rayo Vallecano,241139,Abdul Mumin,Defender,,2025/26 squad carryover,Unavailable
Rayo Vallecano,287224,Andrei Ratiu,Defender,,2026/27 roster feed,Unavailable
Rayo Vallecano,140754,Florian Lejeune,Defender,https://upload.wikimedia.org/wikipedia/commons/thumb/c/c6/Florian_lejeune.jpg/250px-Florian_lejeune.jpg,2026/27 roster feed,Wikimedia Commons
Rayo Vallecano,158151,Iván Balliu,Defender,https://upload.wikimedia.org/wikipedia/commons/thumb/d/de/RC_Lens_-_FC_Metz_%2809-02-2019%29_77_%28Balliu%29.jpg/250px-RC_Lens_-_FC_Metz_%2809-02-2019%29_77_%28Balliu%29.jpg,2026/27 roster feed,Wikimedia Commons
Rayo Vallecano,319231,Jozhua Vertrouwd,Defender,https://upload.wikimedia.org/wikipedia/commons/thumb/8/81/Deportivo_da_Coru%C3%B1a_-_CD_Castell%C3%B3n%2C_ida_da_final_da_Primeira_RFEF_2023-24_-_49.jpg/250px-Deportivo_da_Coru%C3%B1a_-_CD_Castell%C3%B3n%2C_ida_da_final_da_Primeira_RFEF_2023-24_-_49.jpg,2026/27 roster feed,Wikimedia Commons
Rayo Vallecano,225637,Luiz Felipe,Defender,,2026/27 roster feed,Unavailable
Rayo Vallecano,389447,Marco de las Sias,Defender,,2025/26 squad carryover,Unavailable
Rayo Vallecano,356212,Nobel Mendy,Defender,,2026/27 roster feed,Unavailable
Rayo Vallecano,199790,Pacha Espino,Defender,,2025/26 squad carryover,Unavailable
Rayo Vallecano,386579,Pelayo Fernández,Defender,,2026/27 roster feed,Unavailable
Rayo Vallecano,300331,Pep Chavarría,Defender,,2026/27 roster feed,Unavailable
Rayo Vallecano,313024,Alexandre Alemão,Forward,,2026/27 roster feed,Unavailable
Rayo Vallecano,389446,Etienne Eto'O Pineda,Forward,,2026/27 roster feed,Unavailable
Rayo Vallecano,260740,Jorge de Frutos,Forward,,2026/27 roster feed,Unavailable
Rayo Vallecano,174971,Raúl de Tomás,Forward,https://upload.wikimedia.org/wikipedia/commons/9/95/Real_Valladolid_-_Rayo_Vallecano_2019-01-05_20_%28cropped%29_RDT.jpg,2026/27 roster feed,Wikimedia Commons
Rayo Vallecano,276652,Sergio Camello,Forward,,2026/27 roster feed,Unavailable
Rayo Vallecano,300878,Adrián Molina,Goalkeeper,,2025/26 squad carryover,Unavailable
Rayo Vallecano,195032,Augusto Batalla,Goalkeeper,https://upload.wikimedia.org/wikipedia/commons/thumb/7/76/Uni%C3%B3n_La_Calera_-_Colo-Colo_20190506_33.jpg/250px-Uni%C3%B3n_La_Calera_-_Colo-Colo_20190506_33.jpg,2026/27 roster feed,Wikimedia Commons
Rayo Vallecano,192893,Daniel Cárdenas,Goalkeeper,,2026/27 roster feed,Unavailable
Rayo Vallecano,129879,Diego Méndez,Goalkeeper,,2025/26 squad carryover,Unavailable
Rayo Vallecano,332013,Juanpe,Goalkeeper,,2025/26 squad carryover,Unavailable
Rayo Vallecano,277615,Miguel Ángel Morro,Goalkeeper,,2026/27 roster feed,Unavailable
Rayo Vallecano,324505,Fran Pérez,Midfielder,,2026/27 roster feed,Unavailable
Rayo Vallecano,186181,Gerard Gumbau,Midfielder,,2025/26 squad carryover,Unavailable
Rayo Vallecano,264197,Isi Palazón,Midfielder,,2026/27 roster feed,Unavailable
Rayo Vallecano,415410,Marco Román,Midfielder,,2025/26 squad carryover,Unavailable
Rayo Vallecano,294228,Pathé Ciss,Midfielder,https://upload.wikimedia.org/wikipedia/commons/thumb/d/d1/Path%C3%A9_Ciss_France_v_Senegal_16_June_2026-484_%28cropped%29.jpg/250px-Path%C3%A9_Ciss_France_v_Senegal_16_June_2026-484_%28cropped%29.jpg,2026/27 roster feed,Wikimedia Commons
Rayo Vallecano,264078,Pedro Díaz,Midfielder,,2026/27 roster feed,Unavailable
Rayo Vallecano,276847,Randy Nteka,Midfielder,,2026/27 roster feed,Unavailable
Rayo Vallecano,409289,Samu Becerra,Midfielder,,2025/26 squad carryover,Unavailable
Rayo Vallecano,268751,Sergio Lozano,Midfielder,,2025/26 squad carryover,Unavailable
Rayo Vallecano,203711,Unai López,Midfielder,,2026/27 roster feed,Unavailable
Rayo Vallecano,125200,Álvaro García,Midfielder,,2026/27 roster feed,Unavailable
Rayo Vallecano,66410,Óscar Trejo,Midfielder,,2025/26 squad carryover,Unavailable
Rayo Vallecano,264217,Óscar Valentín,Midfielder,https://upload.wikimedia.org/wikipedia/commons/thumb/f/fc/OscarValentinCalentamientoConference.png/250px-OscarValentinCalentamientoConference.png,2026/27 roster feed,Wikimedia Commons
Real Betis,415495,Carlos De Roa,Defender,,2025/26 squad carryover,Unavailable
Real Betis,377851,Darling Bladi,Defender,,2025/26 squad carryover,Unavailable
Real Betis,181530,Diego Llorente,Defender,,2025/26 squad carryover,Unavailable
Real Betis,178978,Héctor Bellerín,Defender,,2025/26 squad carryover,Unavailable
Real Betis,269655,Junior Firpo,Defender,,2025/26 squad carryover,Unavailable
Real Betis,145078,Marc Bartra,Defender,,2025/26 squad carryover,Unavailable
Real Betis,301526,Natan,Defender,,2025/26 squad carryover,Unavailable
Real Betis,371692,Pablo Busto,Defender,,2025/26 squad carryover,Unavailable
Real Betis,136865,Ricardo Rodríguez,Defender,,2025/26 squad carryover,Unavailable
Real Betis,336480,Valentín Gómez,Defender,,2025/26 squad carryover,Unavailable
Real Betis,395941,Ángel Ortiz,Defender,,2025/26 squad carryover,Unavailable
Real Betis,300912,Abde Ezzalzouli,Forward,https://commons.wikimedia.org/wiki/Special:FilePath/Abdessamad%20Ezzalzouli%20Morocco%20v%20Norway%207%20June%202026-38.jpg,2025/26 squad carryover,Wikimedia Commons
Real Betis,268601,Aitor Ruibal,Forward,,2025/26 squad carryover,Unavailable
Real Betis,281558,Antony,Forward,https://commons.wikimedia.org/wiki/Special:FilePath/Station%20Antony%20Orlyval%20-%20Antony%20%28FR92%29%20-%202026-01-17%20-%201.jpg,2025/26 squad carryover,Wikimedia Commons
Real Betis,217588,Chimy Ávila,Forward,,2025/26 squad carryover,Unavailable
Real Betis,336809,Cucho Hernández,Forward,https://commons.wikimedia.org/wiki/Special:FilePath/Cucho%20Hern%C3%A1ndez%2C%20Colombia%20NT%20presidential%20send-off%2C%20Jun%202026.jpg,2025/26 squad carryover,Wikimedia Commons
Real Betis,147193,Cédric Bakambu,Forward,https://commons.wikimedia.org/wiki/Special:FilePath/C%C3%A9dric%20Bakambu%202016%20%28cropped%29.jpg,2025/26 squad carryover,Wikimedia Commons
Real Betis,411284,José Morante,Forward,,2025/26 squad carryover,Unavailable
Real Betis,399278,Pablo García,Forward,,2025/26 squad carryover,Unavailable
Real Betis,418014,Rodrigo Marina,Forward,,2025/26 squad carryover,Unavailable
Real Betis,134230,Adrián ,Goalkeeper,,2025/26 squad carryover,Unavailable
Real Betis,351801,Germán García,Goalkeeper,,2025/26 squad carryover,Unavailable
Real Betis,390091,Manu González,Goalkeeper,,2025/26 squad carryover,Unavailable
Real Betis,203061,Pau López,Goalkeeper,,2025/26 squad carryover,Unavailable
Real Betis,283892,Álvaro Valles,Goalkeeper,,2025/26 squad carryover,Unavailable
Real Betis,353854,Daniel Pérez,Midfielder,,2026/27 roster feed,Unavailable
Real Betis,207343,Giovani Lo Celso,Midfielder,,2025/26 squad carryover,Unavailable
Real Betis,143564,Isco,Midfielder,,2025/26 squad carryover,Unavailable
Real Betis,371605,Iván Corralejo,Midfielder,,2025/26 squad carryover,Unavailable
Real Betis,242008,Marc Roca,Midfielder,,2025/26 squad carryover,Unavailable
Real Betis,322908,Nelson Deossa,Midfielder,,2025/26 squad carryover,Unavailable
Real Betis,227714,Pablo Fornals,Midfielder,,2025/26 squad carryover,Unavailable
Real Betis,70224,Rodrigo Riquelme,Midfielder,,2025/26 squad carryover,Unavailable
Real Betis,331426,Sergi Altimira,Midfielder,,2025/26 squad carryover,Unavailable
Real Betis,195226,Sofyan Amrabat,Midfielder,,2025/26 squad carryover,Unavailable
Real Betis,283827,Álvaro Fidalgo,Midfielder,,2025/26 squad carryover,Unavailable
Real Madrid,169438,Antonio Rüdiger,Defender,https://upload.wikimedia.org/wikipedia/commons/thumb/7/72/Antonio_Rudiger_Ecuador_v_Germany_25_June_2026-055_%28cropped%29.jpg/250px-Antonio_Rudiger_Ecuador_v_Germany_25_June_2026-055_%28cropped%29.jpg,2026/27 roster feed,Wikimedia Commons
Real Madrid,168531,Dani Carvajal,Defender,,2025/26 squad carryover,Unavailable
Real Madrid,118444,David Alaba,Defender,,2025/26 squad carryover,Unavailable
Real Madrid,157965,David Jiménez,Defender,,2025/26 squad carryover,Unavailable
Real Madrid,356000,Dean Huijsen,Defender,https://upload.wikimedia.org/wikipedia/commons/thumb/d/d6/Dean_Huijsen_2024.jpg/250px-Dean_Huijsen_2024.jpg,2026/27 roster feed,Wikimedia Commons
Real Madrid,213248,Denzel Dumfries,Defender,https://upload.wikimedia.org/wikipedia/commons/thumb/b/b7/Edison_ndreca_inter_egnati_%28cropped_Denzel_Dumfries%29.jpg/250px-Edison_ndreca_inter_egnati_%28cropped_Denzel_Dumfries%29.jpg,2026/27 roster feed,Wikimedia Commons
Real Madrid,396894,Diego Aguado,Defender,,2025/26 squad carryover,Unavailable
Real Madrid,217475,Ferland Mendy,Defender,https://upload.wikimedia.org/wikipedia/commons/thumb/a/a3/Ofrenda_de_la_Liga_y_la_Champions-49-L.Mill%C3%A1n_%2852109311048%29_%28Ferland_Mendy%29.jpg/250px-Ofrenda_de_la_Liga_y_la_Champions-49-L.Mill%C3%A1n_%2852109311048%29_%28Ferland_Mendy%29.jpg,2026/27 roster feed,Wikimedia Commons
Real Madrid,213050,Fran García,Defender,,2025/26 squad carryover,Unavailable
Real Madrid,251634,Ibrahima Konaté,Defender,https://upload.wikimedia.org/wikipedia/commons/thumb/f/f2/Ibrahima_Konate_France_v_Senegal_16_June_2026-516_%28cropped%29.jpg/250px-Ibrahima_Konate_France_v_Senegal_16_June_2026-516_%28cropped%29.jpg,2026/27 roster feed,Wikimedia Commons
Real Madrid,405544,Jesús Fortea,Defender,,2025/26 squad carryover,Unavailable
Real Madrid,388339,Joan Martínez,Defender,,2025/26 squad carryover,Unavailable
Real Madrid,419888,Lamini Fati,Defender,,2025/26 squad carryover,Unavailable
Real Madrid,28121,Manuel Serrano,Defender,,2025/26 squad carryover,Unavailable
Real Madrid,259910,Marc Cucurella,Defender,https://upload.wikimedia.org/wikipedia/commons/thumb/8/8a/Marc_Cucurella_Argentina_v_Spain_19_July_2026-064_%28cropped%29.jpg/250px-Marc_Cucurella_Argentina_v_Spain_19_July_2026-064_%28cropped%29.jpg,2026/27 roster feed,Wikimedia Commons
Real Madrid,388338,Raúl Asencio,Defender,,2026/27 roster feed,Unavailable
Real Madrid,223532,Trent Alexander-Arnold,Defender,https://upload.wikimedia.org/wikipedia/commons/thumb/5/5d/Trent_Alexander-Arnold_2018_%28cropped%29.jpg/250px-Trent_Alexander-Arnold_2018_%28cropped%29.jpg,2026/27 roster feed,Wikimedia Commons
Real Madrid,401558,Víctor Valdepeñas,Defender,,2025/26 squad carryover,Unavailable
Real Madrid,310637,Álvaro Carreras,Defender,https://upload.wikimedia.org/wikipedia/commons/thumb/6/62/%C3%81lvaroCarreras.jpg/250px-%C3%81lvaroCarreras.jpg,2026/27 roster feed,Wikimedia Commons
Real Madrid,228402,Éder Militão,Defender,https://upload.wikimedia.org/wikipedia/commons/thumb/3/38/Eder_Militao_2021.jpg/250px-Eder_Militao_2021.jpg,2026/27 roster feed,Wikimedia Commons
Real Madrid,376422,Daniel Yañez,Forward,,2025/26 squad carryover,Unavailable
Real Madrid,346612,Endrick,Forward,https://upload.wikimedia.org/wikipedia/commons/thumb/d/d6/Team_Brazil_at_2026_FIFA_World_Cup_by_YantsImages_%28Endrick%29.jpg/250px-Team_Brazil_at_2026_FIFA_World_Cup_by_YantsImages_%28Endrick%29.jpg,2026/27 roster feed,Wikimedia Commons
Real Madrid,376473,Franco Mastantuono,Forward,https://upload.wikimedia.org/wikipedia/commons/thumb/0/00/Franco_Mastantuono_in_2025_%28cropped%29.jpg/250px-Franco_Mastantuono_in_2025_%28cropped%29.jpg,2026/27 roster feed,Wikimedia Commons
Real Madrid,87297,Gonzalo García,Forward,https://commons.wikimedia.org/wiki/Special:FilePath/Gonzalo%20Garc%C3%ADa%202023.jpg,2026/27 roster feed,Wikimedia Commons
Real Madrid,231388,Kylian Mbappé,Forward,https://upload.wikimedia.org/wikipedia/commons/thumb/9/95/Kylian_Mbappe_France_v_Senegal_16_June_2026-391_%28cropped%29.jpg/250px-Kylian_Mbappe_France_v_Senegal_16_June_2026-391_%28cropped%29.jpg,2026/27 roster feed,Wikimedia Commons
Real Madrid,330352,Mario Rivas,Forward,,2025/26 squad carryover,Unavailable
Real Madrid,267804,Rodrygo,Forward,https://upload.wikimedia.org/wikipedia/commons/thumb/0/05/Rodrygo_2023_%28cropped%29.jpg/250px-Rodrygo_2023_%28cropped%29.jpg,2026/27 roster feed,Wikimedia Commons
Real Madrid,252107,Vinícius Júnior,Forward,https://upload.wikimedia.org/wikipedia/commons/thumb/1/10/Vin%C3%ADcius_J%C3%BAnior_Brazil_V_Morocco_13_June_2026-207_%28cropped%29.jpg/250px-Vin%C3%ADcius_J%C3%BAnior_Brazil_V_Morocco_13_June_2026-207_%28cropped%29.jpg,2026/27 roster feed,Wikimedia Commons
Real Madrid,331761,Álvaro Leiva,Forward,,2025/26 squad carryover,Unavailable
Real Madrid,257237,Andriy Lunin,Goalkeeper,https://upload.wikimedia.org/wikipedia/commons/thumb/d/d2/Andriy_Lunin%2C_Real_Madrid%2C_2022.jpg/250px-Andriy_Lunin%2C_Real_Madrid%2C_2022.jpg,2026/27 roster feed,Wikimedia Commons
Real Madrid,362874,Fran González,Goalkeeper,,2025/26 squad carryover,Unavailable
Real Madrid,84349,Javier Navarro,Goalkeeper,,2025/26 squad carryover,Unavailable
Real Madrid,350351,Sergio Mestre,Goalkeeper,,2025/26 squad carryover,Unavailable
Real Madrid,134283,Thibaut Courtois,Goalkeeper,https://upload.wikimedia.org/wikipedia/commons/thumb/f/f7/Thibaut_Courtois_at_the_2018_World_Cup_%28cropped%29.jpg/250px-Thibaut_Courtois_at_the_2018_World_Cup_%28cropped%29.jpg,2026/27 roster feed,Wikimedia Commons
Real Madrid,371611,Álvaro González,Goalkeeper,,2025/26 squad carryover,Unavailable
Real Madrid,310452,Arda Güler,Midfielder,https://upload.wikimedia.org/wikipedia/commons/thumb/9/9f/Arda_G%C3%BCler_2025.jpg/250px-Arda_G%C3%BCler_2025.jpg,2026/27 roster feed,Wikimedia Commons
Real Madrid,265919,Aurélien Tchouaméni,Midfielder,https://upload.wikimedia.org/wikipedia/commons/thumb/c/c0/Aurelien_Tchouameni_France_v_Senegal_16_June_2026-447_%28cropped%29.jpg/250px-Aurelien_Tchouameni_France_v_Senegal_16_June_2026-447_%28cropped%29.jpg,2026/27 roster feed,Wikimedia Commons
Real Madrid,199833,Bernardo Silva,Midfielder,https://upload.wikimedia.org/wikipedia/commons/thumb/d/d2/Bernardo_Silva_Croatia_v_Portugal_2_July_2026-238.jpg/250px-Bernardo_Silva_Croatia_v_Portugal_2_July_2026-238.jpg,2026/27 roster feed,Wikimedia Commons
Real Madrid,246532,Brahim Díaz,Midfielder,https://upload.wikimedia.org/wikipedia/commons/thumb/9/90/Brahim_Diaz_Morocco_v_Norway_7_June_2026-36_%28cropped_3-4%29.jpg/250px-Brahim_Diaz_Morocco_v_Norway_7_June_2026-36_%28cropped_3-4%29.jpg,2026/27 roster feed,Wikimedia Commons
Real Madrid,12172,César Palacios,Midfielder,,2025/26 squad carryover,Unavailable
Real Madrid,202717,Dani Ceballos,Midfielder,,2025/26 squad carryover,Unavailable
Real Madrid,418003,Dani Meso,Midfielder,,2025/26 squad carryover,Unavailable
Real Madrid,285150,Eduardo Camavinga,Midfielder,https://upload.wikimedia.org/wikipedia/commons/thumb/0/05/Ofrenda_de_la_Liga_y_la_Champions-13-L.Mill%C3%A1n_%2852109790215%29_%28cropped%29.jpg/250px-Ofrenda_de_la_Liga_y_la_Champions-13-L.Mill%C3%A1n_%2852109790215%29_%28cropped%29.jpg,2026/27 roster feed,Wikimedia Commons
Real Madrid,235818,Federico Valverde,Midfielder,https://upload.wikimedia.org/wikipedia/commons/thumb/7/73/Federico_Valverde_2021_%28cropped%29.jpg/250px-Federico_Valverde_2021_%28cropped%29.jpg,2026/27 roster feed,Wikimedia Commons
Real Madrid,415478,Jorge Cestero,Midfielder,,2025/26 squad carryover,Unavailable
Real Madrid,291281,Jude Bellingham,Midfielder,https://upload.wikimedia.org/wikipedia/commons/thumb/6/60/Jude_Bellingham_England_v_Panama_27_June_26-160_%28cropped%29.jpg/250px-Jude_Bellingham_England_v_Panama_27_June_26-160_%28cropped%29.jpg,2026/27 roster feed,Wikimedia Commons
Real Madrid,364812,Manuel Ángel,Midfielder,,2025/26 squad carryover,Unavailable
Real Madrid,387498,Pol Fortuny,Midfielder,,2025/26 squad carryover,Unavailable
Real Madrid,409019,Thiago Pitarch,Midfielder,,2025/26 squad carryover,Unavailable
Real Sociedad,283891,Aihen Muñoz,Defender,https://upload.wikimedia.org/wikipedia/commons/thumb/c/c2/Aihen.jpg/250px-Aihen.jpg,2026/27 roster feed,Wikimedia Commons
Real Sociedad,214742,Aritz Elustondo,Defender,,2025/26 squad carryover,Unavailable
Real Sociedad,194766,Duje Caleta-Car,Defender,,2025/26 squad carryover,Unavailable
Real Sociedad,235693,Igor Zubeldia,Defender,https://upload.wikimedia.org/wikipedia/commons/thumb/e/e9/Igor_Zubeldia_2018.jpg/250px-Igor_Zubeldia_2018.jpg,2026/27 roster feed,Wikimedia Commons
Real Sociedad,379457,Iñaki Rupérez,Defender,,2026/27 roster feed,Unavailable
Real Sociedad,297354,Javi López,Defender,,2026/27 roster feed,Unavailable
Real Sociedad,318063,Jon Aramburu,Defender,https://upload.wikimedia.org/wikipedia/commons/thumb/8/8b/Jon_Mikel_Aranburu.jpg/250px-Jon_Mikel_Aranburu.jpg,2026/27 roster feed,Wikimedia Commons
Real Sociedad,366885,Jon Martín,Defender,https://upload.wikimedia.org/wikipedia/commons/thumb/5/51/Jon_Martin_Vicente.jpg/250px-Jon_Martin_Vicente.jpg,2026/27 roster feed,Wikimedia Commons
Real Sociedad,297359,Jon Pacheco,Defender,https://upload.wikimedia.org/wikipedia/commons/thumb/c/cf/J_pacheco.jpg/250px-J_pacheco.jpg,2026/27 roster feed,Wikimedia Commons
Real Sociedad,360178,Kazunari Kita,Defender,,2026/27 roster feed,Unavailable
Real Sociedad,396607,Luken Beitia,Defender,,2025/26 squad carryover,Unavailable
Real Sociedad,236156,Álvaro Odriozola,Defender,https://upload.wikimedia.org/wikipedia/commons/thumb/1/1f/2023_05_06_Final_de_la_Copa_del_Rey_-_52879024229_%28cropped%29.jpg/250px-2023_05_06_Final_de_la_Copa_del_Rey_-_52879024229_%28cropped%29.jpg,2026/27 roster feed,Wikimedia Commons
Real Sociedad,396613,Alex Marchal,Forward,,2025/26 squad carryover,Unavailable
Real Sociedad,283941,Ander Barrenetxea,Forward,https://commons.wikimedia.org/wiki/Special:FilePath/Vitry-en-Artois%20-%20Paris-Arras%20Tour%2C%20%C3%A9tape%201%2C%2022%20mai%202015%2C%20d%C3%A9part%20%28A044%29.JPG,2026/27 roster feed,Wikimedia Commons
Real Sociedad,396610,Arkaitz Mariezkurrena,Forward,,2025/26 squad carryover,Unavailable
Real Sociedad,387496,Daniel Díaz,Forward,https://commons.wikimedia.org/wiki/Special:FilePath/Daniel%20D%C3%ADaz%20at%20the%20National%20Association%20of%20Hispanic%20Journalists%20conference%20in%202025%2001.jpg,2025/26 squad carryover,Wikimedia Commons
Real Sociedad,213141,Gonçalo Guedes,Forward,https://upload.wikimedia.org/wikipedia/commons/thumb/3/38/Goncalo_Guedes_Croatia_v_Portugal_2_July_2026-004.jpg/250px-Goncalo_Guedes_Croatia_v_Portugal_2_July_2026-004.jpg,2026/27 roster feed,Wikimedia Commons
Real Sociedad,406383,Gorka Carrera,Forward,,2025/26 squad carryover,Unavailable
Real Sociedad,406379,Job Ochieng,Forward,,2025/26 squad carryover,Unavailable
Real Sociedad,324350,Jon Karrikaburu,Forward,,2026/27 roster feed,Unavailable
Real Sociedad,229018,Mikel Oyarzabal,Forward,https://upload.wikimedia.org/wikipedia/commons/thumb/2/20/Mikel_Oyarzabal_France_v_Spain_7.24.26-161_%28cropped%29.jpg/250px-Mikel_Oyarzabal_France_v_Spain_7.24.26-161_%28cropped%29.jpg,2026/27 roster feed,Wikimedia Commons
Real Sociedad,341367,Orri Óskarsson,Forward,,2026/27 roster feed,Unavailable
Real Sociedad,265993,Sergio Gómez,Forward,,2026/27 roster feed,Unavailable
Real Sociedad,256587,Takefusa Kubo,Forward,https://upload.wikimedia.org/wikipedia/commons/thumb/b/be/Takefusa_Kubo_2019.png/250px-Takefusa_Kubo_2019.png,2026/27 roster feed,Wikimedia Commons
Real Sociedad,304533,Wesley Ribeiro,Forward,,2025/26 squad carryover,Unavailable
Real Sociedad,368327,Aitor Fraga,Goalkeeper,,2025/26 squad carryover,Unavailable
Real Sociedad,409481,Theo Folgado,Goalkeeper,,2025/26 squad carryover,Unavailable
Real Sociedad,312011,Unai Marrero,Goalkeeper,https://upload.wikimedia.org/wikipedia/commons/thumb/6/61/Marrero.jpg/250px-Marrero.jpg,2026/27 roster feed,Wikimedia Commons
Real Sociedad,217319,Álex Remiro,Goalkeeper,https://upload.wikimedia.org/wikipedia/commons/thumb/5/5b/DSC_2448_%2851300097850%29_%28Alex_Remiro%29.jpg/250px-DSC_2448_%2851300097850%29_%28Alex_Remiro%29.jpg,2026/27 roster feed,Wikimedia Commons
Real Sociedad,366886,Alex Lebarbier,Midfielder,,2025/26 squad carryover,Unavailable
Real Sociedad,307487,Arsen Zakharyan,Midfielder,https://upload.wikimedia.org/wikipedia/commons/thumb/e/e5/Arsen_Zakharyan_2021_v_Zenit.jpg/250px-Arsen_Zakharyan_2021_v_Zenit.jpg,2026/27 roster feed,Wikimedia Commons
Real Sociedad,297371,Beñat Turrientes,Midfielder,https://upload.wikimedia.org/wikipedia/commons/thumb/5/52/SD_Negreira_-_Real_Sociedad%2C_Copa_do_Rei_2025-26_12_%28Turrientes%29.jpg/250px-SD_Negreira_-_Real_Sociedad%2C_Copa_do_Rei_2025-26_12_%28Turrientes%29.jpg,2026/27 roster feed,Wikimedia Commons
Real Sociedad,262729,Brais Méndez,Midfielder,,2025/26 squad carryover,Unavailable
Real Sociedad,235072,Carlos Soler,Midfielder,https://upload.wikimedia.org/wikipedia/commons/thumb/e/e0/Carlos_Soler_2020_%28cropped%29.png/250px-Carlos_Soler_2020_%28cropped%29.png,2026/27 roster feed,Wikimedia Commons
Real Sociedad,410486,Ibai Aguirre,Midfielder,,2025/26 squad carryover,Unavailable
Real Sociedad,388601,Jon Gorrotxategi,Midfielder,,2026/27 roster feed,Unavailable
Real Sociedad,406390,Lander Astiazarán,Midfielder,,2025/26 squad carryover,Unavailable
Real Sociedad,306263,Luka Sucic,Midfielder,,2026/27 roster feed,Unavailable
Real Sociedad,396611,Mikel Goti,Midfielder,https://upload.wikimedia.org/wikipedia/commons/thumb/9/93/Mikel_Goti_Lopez.jpg/250px-Mikel_Goti_Lopez.jpg,2026/27 roster feed,Wikimedia Commons
Real Sociedad,326900,Pablo Marín,Midfielder,,2026/27 roster feed,Unavailable
Real Sociedad,406396,Tomás Carbonell,Midfielder,,2025/26 squad carryover,Unavailable
Real Sociedad,236185,Yangel Herrera,Midfielder,https://upload.wikimedia.org/wikipedia/commons/thumb/4/49/Yangel_Clemente_Herrera_Ravelo.jpg/250px-Yangel_Clemente_Herrera_Ravelo.jpg,2026/27 roster feed,Wikimedia Commons
Sevilla,277292,Adrià Pedrosa,Defender,https://upload.wikimedia.org/wikipedia/commons/thumb/c/cd/Adri%C3%A0_Pedrosa_2019_%28cropped%29.jpg/250px-Adri%C3%A0_Pedrosa_2019_%28cropped%29.jpg,2026/27 roster feed,Wikimedia Commons
Sevilla,332246,Andrés Castrín,Defender,,2026/27 roster feed,Unavailable
Sevilla,304213,Arouna Sangante,Defender,,2026/27 roster feed,Unavailable
Sevilla,97770,César Azpilicueta,Defender,,2025/26 squad carryover,Unavailable
Sevilla,334163,Enrique Salas,Defender,,2026/27 roster feed,Unavailable
Sevilla,276026,Federico Gattoni,Defender,https://upload.wikimedia.org/wikipedia/commons/thumb/2/22/Federico_Gattoni_en_Anderletch.png/250px-Federico_Gattoni_en_Anderletch.png,2026/27 roster feed,Wikimedia Commons
Sevilla,215386,Fábio Cardoso,Defender,,2026/27 roster feed,Unavailable
Sevilla,222037,Gabriel Suazo,Defender,https://upload.wikimedia.org/wikipedia/commons/thumb/e/e6/Audax_Italiano_v_Colo-Colo_20200209_42.jpg/250px-Audax_Italiano_v_Colo-Colo_20200209_42.jpg,2026/27 roster feed,Wikimedia Commons
Sevilla,415742,Iker Ortín,Defender,,2025/26 squad carryover,Unavailable
Sevilla,250508,José Ángel Carmona,Defender,,2026/27 roster feed,Unavailable
Sevilla,279738,Juan Iglesias,Defender,,2026/27 roster feed,Unavailable
Sevilla,203112,Marcão,Defender,,2026/27 roster feed,Unavailable
Sevilla,377782,Oso,Defender,,2026/27 roster feed,Unavailable
Sevilla,290165,Tanguy Nianzou,Defender,https://upload.wikimedia.org/wikipedia/commons/thumb/2/2f/2019-07-17_SG_Dynamo_Dresden_vs._Paris_Saint-Germain_by_Sandro_Halank%E2%80%93020.jpg/250px-2019-07-17_SG_Dynamo_Dresden_vs._Paris_Saint-Germain_by_Sandro_Halank%E2%80%93020.jpg,2025/26 squad carryover,Wikimedia Commons
Sevilla,288472,Akor Adams,Forward,https://upload.wikimedia.org/wikipedia/commons/thumb/3/30/Akor_Adams_December_2024.png/250px-Akor_Adams_December_2024.png,2025/26 squad carryover,Wikimedia Commons
Sevilla,92055,Alexis Sánchez,Forward,https://upload.wikimedia.org/wikipedia/commons/thumb/5/50/Alexis_S%C3%A1nchez_2017.jpg/250px-Alexis_S%C3%A1nchez_2017.jpg,2026/27 roster feed,Wikimedia Commons
Sevilla,271635,Alfonso González,Forward,https://upload.wikimedia.org/wikipedia/commons/thumb/2/25/Cor%C3%A9ia_do_Sul_x_M%C3%A9xico_-_Futebol_masculino_-_Olimp%C3%ADada_Rio_2016_%2828792988452%29_%28cropped%29.jpg/250px-Cor%C3%A9ia_do_Sul_x_M%C3%A9xico_-_Futebol_masculino_-_Olimp%C3%ADada_Rio_2016_%2828792988452%29_%28cropped%29.jpg,2026/27 roster feed,Wikimedia Commons
Sevilla,254270,Chidera Ejuke,Forward,https://upload.wikimedia.org/wikipedia/commons/thumb/5/55/Chidera_Ejuke_2020.jpg/250px-Chidera_Ejuke_2020.jpg,2026/27 roster feed,Wikimedia Commons
Sevilla,365821,Isaac Romero,Forward,,2026/27 roster feed,Unavailable
Sevilla,375514,Miguel Sierra,Forward,,2025/26 squad carryover,Unavailable
Sevilla,178760,Neal Maupay,Forward,,2025/26 squad carryover,Unavailable
Sevilla,347359,Peque,Forward,,2026/27 roster feed,Unavailable
Sevilla,230974,Rafa Mir,Forward,https://upload.wikimedia.org/wikipedia/commons/thumb/d/d0/2025-12-03_-_Copa_del_Rey_de_f%C3%BAtbol%2C_C.D._Quintanar_del_Rey_contra_el_Elche_C.F_-_54962303553_%28cropped%29_Rafa_Mir.jpg/250px-2025-12-03_-_Copa_del_Rey_de_f%C3%BAtbol%2C_C.D._Quintanar_del_Rey_contra_el_Elche_C.F_-_54962303553_%28cropped%29_Rafa_Mir.jpg,2026/27 roster feed,Wikimedia Commons
Sevilla,393776,Álex Costa,Forward,,2025/26 squad carryover,Unavailable
Sevilla,185100,Alberto Flores,Goalkeeper,,2025/26 squad carryover,Unavailable
Sevilla,371521,Lorenzo Luchino,Goalkeeper,,2025/26 squad carryover,Unavailable
Sevilla,159135,Odisseas Vlachodimos,Goalkeeper,,2026/27 roster feed,Unavailable
Sevilla,119332,Rafael Romero,Goalkeeper,,2025/26 squad carryover,Unavailable
Sevilla,193610,Ørjan Nyland,Goalkeeper,,2025/26 squad carryover,Unavailable
Sevilla,186432,Adnan Januzaj,Midfielder,,2025/26 squad carryover,Unavailable
Sevilla,265917,Batista Mendy,Midfielder,,2025/26 squad carryover,Unavailable
Sevilla,222446,Djibril Sow,Midfielder,https://upload.wikimedia.org/wikipedia/commons/thumb/a/a2/DjibrilSow_%28cropped%29.jpg/250px-DjibrilSow_%28cropped%29.jpg,2026/27 roster feed,Wikimedia Commons
Sevilla,409486,Edu Altozano,Midfielder,,2025/26 squad carryover,Unavailable
Sevilla,208850,Joan Jordán,Midfielder,,2026/27 roster feed,Unavailable
Sevilla,254320,Jon Guridi,Midfielder,https://upload.wikimedia.org/wikipedia/commons/4/4a/DSC_2424_%2851299094836%29_%28guridi%29.jpg,2026/27 roster feed,Wikimedia Commons
Sevilla,303804,Juanlu Sanchez,Midfielder,,2026/27 roster feed,Unavailable
Sevilla,282289,Lucien Agoumé,Midfielder,https://upload.wikimedia.org/wikipedia/commons/thumb/4/44/Lucien_Agoum%C3%A9.jpg/250px-Lucien_Agoum%C3%A9.jpg,2026/27 roster feed,Wikimedia Commons
Sevilla,356228,Manu Bueno,Midfielder,,2026/27 roster feed,Unavailable
Sevilla,136673,Nemanja Gudelj,Midfielder,,2025/26 squad carryover,Unavailable
Sevilla,422137,Nico Guillén,Midfielder,,2025/26 squad carryover,Unavailable
Sevilla,259513,Rubén Vargas,Midfielder,https://upload.wikimedia.org/wikipedia/commons/thumb/6/6a/Ruben_Vargas_SFV_2019.jpg/250px-Ruben_Vargas_SFV_2019.jpg,2026/27 roster feed,Wikimedia Commons
Valencia,419048,Aaron Mayol,Defender,,2025/26 squad carryover,Unavailable
Valencia,413671,Alex Panach,Defender,,2025/26 squad carryover,Unavailable
Valencia,300927,Copete,Defender,,2026/27 roster feed,Unavailable
Valencia,330552,César Tárrega,Defender,,2026/27 roster feed,Unavailable
Valencia,157739,Dimitri Foulquier,Defender,https://upload.wikimedia.org/wikipedia/commons/thumb/f/f5/Dimitri_Foulquier.jpg/250px-Dimitri_Foulquier.jpg,2026/27 roster feed,Wikimedia Commons
Valencia,231697,Eray Cömert,Defender,,2025/26 squad carryover,Unavailable
Valencia,388076,Iker Córdoba,Defender,,2026/27 roster feed,Unavailable
Valencia,16340,Javier Guerra,Defender,,2026/27 roster feed,Unavailable
Valencia,189804,Jesús Vázquez,Defender,,2026/27 roster feed,Unavailable
Valencia,415021,Joel Fontanet,Defender,,2025/26 squad carryover,Unavailable
Valencia,178747,José Gayà,Defender,https://upload.wikimedia.org/wikipedia/commons/thumb/6/6c/Real_Valladolid-Valencia_CF%2C_2019-05-18_%2831%29_%28better_cropped%29.jpg/250px-Real_Valladolid-Valencia_CF%2C_2019-05-18_%2831%29_%28better_cropped%29.jpg,2026/27 roster feed,Wikimedia Commons
Valencia,282086,Justin de Haas,Defender,,2026/27 roster feed,Unavailable
Valencia,325551,Marc Jurado,Defender,,2025/26 squad carryover,Unavailable
Valencia,362393,Marcos Navarro,Defender,,2025/26 squad carryover,Unavailable
Valencia,241117,Mouctar Diakhaby,Defender,https://upload.wikimedia.org/wikipedia/commons/thumb/6/6f/Diakhaby2.jpg/250px-Diakhaby2.jpg,2026/27 roster feed,Wikimedia Commons
Valencia,184717,Renzo Saravia,Defender,,2025/26 squad carryover,Unavailable
Valencia,422919,Rubi,Defender,,2025/26 squad carryover,Unavailable
Valencia,332342,Rubén Iranzo,Defender,,2025/26 squad carryover,Unavailable
Valencia,275983,Thierry Correia,Defender,,2025/26 squad carryover,Unavailable
Valencia,260902,Unai Núñez,Defender,,2025/26 squad carryover,Unavailable
Valencia,409380,Aimar Blázquez,Forward,,2025/26 squad carryover,Unavailable
Valencia,290764,Alberto Marí,Forward,,2026/27 roster feed,Unavailable
Valencia,231618,Arnaut Danjuma,Forward,https://upload.wikimedia.org/wikipedia/commons/thumb/5/5a/Arnaut_danjuma_groeneveld-1589618839.jpg/250px-Arnaut_danjuma_groeneveld-1589618839.jpg,2026/27 roster feed,Wikimedia Commons
Valencia,253763,Dani Raba,Forward,,2026/27 roster feed,Unavailable
Valencia,377768,David Otorbi,Forward,,2025/26 squad carryover,Unavailable
Valencia,324504,Diego López,Forward,https://commons.wikimedia.org/wiki/Special:FilePath/Tour%20de%20Romandie%202022%20Villars%206653.jpg,2026/27 roster feed,Wikimedia Commons
Valencia,267477,Hugo Duro,Forward,,2026/27 roster feed,Unavailable
Valencia,291435,Largie Ramazani,Forward,,2025/26 squad carryover,Unavailable
Valencia,264177,Luis Rioja,Forward,,2026/27 roster feed,Unavailable
Valencia,340197,Mario Dominguez,Forward,,2025/26 squad carryover,Unavailable
Valencia,226140,Sergi Canós,Forward,https://upload.wikimedia.org/wikipedia/commons/thumb/6/6c/2012_2013_-_Sergi_Can%C3%B3s_-_Flickr_-_Castroquini-FCB.jpg/250px-2012_2013_-_Sergi_Can%C3%B3s_-_Flickr_-_Castroquini-FCB.jpg,2026/27 roster feed,Wikimedia Commons
Valencia,211770,Umar Sadiq,Forward,https://upload.wikimedia.org/wikipedia/commons/thumb/6/66/SD_Negreira_-_Real_Sociedad%2C_Copa_do_Rei_2025-26_06_-_Umar_Sadiq.jpg/250px-SD_Negreira_-_Real_Sociedad%2C_Copa_do_Rei_2025-26_06_-_Umar_Sadiq.jpg,2026/27 roster feed,Wikimedia Commons
Valencia,76884,Cristian Rivero,Goalkeeper,,2026/27 roster feed,Unavailable
Valencia,298080,Pere García Bauzá,Goalkeeper,,2025/26 squad carryover,Unavailable
Valencia,165334,Stole Dimitrievski,Goalkeeper,https://upload.wikimedia.org/wikipedia/commons/7/7d/Real_Valladolid_-_Rayo_Vallecano_2019-01-05_51_%28cropped%29.jpg,2026/27 roster feed,Wikimedia Commons
Valencia,384307,Vicent Abril,Goalkeeper,,2025/26 squad carryover,Unavailable
Valencia,232803,Aliou Dieng,Midfielder,https://upload.wikimedia.org/wikipedia/commons/thumb/e/ed/Aliou_Dieng_VS_C.F._Monterrey_in_2021_FIFA_Club_World_Cup.jpg/250px-Aliou_Dieng_VS_C.F._Monterrey_in_2021_FIFA_Club_World_Cup.jpg,2026/27 roster feed,Wikimedia Commons
Valencia,286604,André Almeida,Midfielder,,2026/27 roster feed,Unavailable
Valencia,192403,Baptiste Santamaria,Midfielder,,2025/26 squad carryover,Unavailable
Valencia,248681,Filip Ugrinic,Midfielder,,2026/27 roster feed,Unavailable
Valencia,212185,Guido Rodríguez,Midfielder,https://upload.wikimedia.org/wikipedia/commons/thumb/9/9c/Argentina_national_football_team_-_2_-_2022_%28Guido_Rodr%C3%ADguez%29.jpg/250px-Argentina_national_football_team_-_2_-_2022_%28Guido_Rodr%C3%ADguez%29.jpg,2026/27 roster feed,Wikimedia Commons
Valencia,280381,Lucas Beltrán,Midfielder,,2025/26 squad carryover,Unavailable
Valencia,307986,Lucas Nuñez,Midfielder,,2025/26 squad carryover,Unavailable
Valencia,231603,Pepelu,Midfielder,,2026/27 roster feed,Unavailable
Valencia,360096,Ryunosuke Sato,Midfielder,,2026/27 roster feed,Unavailable
Villarreal,248276,Alex Freeman,Defender,https://upload.wikimedia.org/wikipedia/commons/thumb/6/61/Alex_Freeman_Australia_v_USA_19_June_2026-205_%28cropped%29.jpg/250px-Alex_Freeman_Australia_v_USA_19_June_2026-205_%28cropped%29.jpg,2026/27 roster feed,Wikimedia Commons
Villarreal,218439,Alfonso Pedraza,Defender,https://r2.thesportsdb.com/images/media/player/thumb/u72u2q1546539830.jpg,2025/26 squad carryover,TheSportsDB
Villarreal,271904,Carlos Romero,Defender,,2026/27 roster feed,Unavailable
Villarreal,3101339,César Bonafé Ceita,Defender,,2026/27 roster feed,Unavailable
Villarreal,381110,Daniel Budesca,Defender,,2026/27 roster feed,Unavailable
Villarreal,375393,Isma Sierra,Defender,,2025/26 squad carryover,Unavailable
Villarreal,242710,Juan Foyth,Defender,,2026/27 roster feed,Unavailable
Villarreal,354532,Lautaro Spatz,Defender,,2026/27 roster feed,Unavailable
Villarreal,271129,Logan Costa,Defender,,2026/27 roster feed,Unavailable
Villarreal,240484,Moussa Diallo,Defender,,2026/27 roster feed,Unavailable
Villarreal,368878,Pau Navarro,Defender,,2026/27 roster feed,Unavailable
Villarreal,297360,Rafa Marín,Defender,,2025/26 squad carryover,Unavailable
Villarreal,337011,Renato Veiga,Defender,,2026/27 roster feed,Unavailable
Villarreal,318098,Santiago Mouriño,Defender,,2026/27 roster feed,Unavailable
Villarreal,289072,Sergi Cardona,Defender,,2026/27 roster feed,Unavailable
Villarreal,339195,Thiago Fernandez,Defender,,2026/27 roster feed,Unavailable
Villarreal,325553,Willy Kambwala,Defender,,2026/27 roster feed,Unavailable
Villarreal,343629,Alex Fores,Forward,,2026/27 roster feed,Unavailable
Villarreal,192133,Ayoze Pérez,Forward,https://upload.wikimedia.org/wikipedia/commons/thumb/c/c5/Ayoze_Perez_20150710.jpg/250px-Ayoze_Perez_20150710.jpg,2026/27 roster feed,Wikimedia Commons
Villarreal,300002,Georges Mikautadze,Forward,https://upload.wikimedia.org/wikipedia/commons/thumb/6/60/Mikautadze_asse_ol_2425.png/250px-Mikautadze_asse_ol_2425.png,2026/27 roster feed,Wikimedia Commons
Villarreal,194253,Hugo López,Forward,,2025/26 squad carryover,Unavailable
Villarreal,331047,Ilias Akhomach,Forward,https://upload.wikimedia.org/wikipedia/commons/thumb/9/9e/Ilias_Akhomach_at_the_Olympic_Games_2024_%28cropped%29.jpg/250px-Ilias_Akhomach_at_the_Olympic_Games_2024_%28cropped%29.jpg,2026/27 roster feed,Wikimedia Commons
Villarreal,371619,Joselillo,Forward,,2025/26 squad carryover,Unavailable
Villarreal,372072,Mahamoud Barry,Forward,,2025/26 squad carryover,Unavailable
Villarreal,210397,Nicolas Pépé,Forward,https://upload.wikimedia.org/wikipedia/commons/thumb/c/cb/Nicolas_Pepe_Cote_D%27Ivoire_v_Ecuador_14_June_2026-30.jpg/250px-Nicolas_Pepe_Cote_D%27Ivoire_v_Ecuador_14_June_2026-30.jpg,2026/27 roster feed,Wikimedia Commons
Villarreal,3101324,Nizar El Jmili Ben Hamou,Forward,,2026/27 roster feed,Unavailable
Villarreal,384544,Pau Cabanes,Forward,,2026/27 roster feed,Unavailable
Villarreal,284769,Tajon Buchanan,Forward,https://upload.wikimedia.org/wikipedia/commons/thumb/5/56/Tajon_Buchanan_Canada_v_Qatar_18_June_2026-094.jpg/250px-Tajon_Buchanan_Canada_v_Qatar_18_June_2026-094.jpg,2026/27 roster feed,Wikimedia Commons
Villarreal,294039,Tani Oluwaseyi,Forward,https://upload.wikimedia.org/wikipedia/commons/thumb/4/47/Tani_Oluwaseyi_Canada_v_Qatar_18_June_2026-024.jpg/250px-Tani_Oluwaseyi_Canada_v_Qatar_18_June_2026-024.jpg,2026/27 roster feed,Wikimedia Commons
Villarreal,290043,Arnau Tenas,Goalkeeper,,2025/26 squad carryover,Unavailable
Villarreal,279660,Diego Conde,Goalkeeper,,2025/26 squad carryover,Unavailable
Villarreal,156172,Gerard Moreno,Goalkeeper,,2026/27 roster feed,Unavailable
Villarreal,307648,Luiz Júnior,Goalkeeper,,2026/27 roster feed,Unavailable
Villarreal,343640,Rubén Gómez,Goalkeeper,,2026/27 roster feed,Unavailable
Villarreal,347568,Yakiv Kinareykin,Goalkeeper,,2026/27 roster feed,Unavailable
Villarreal,396751,Alassane Diatta,Midfielder,,2026/27 roster feed,Unavailable
Villarreal,307390,Alberto Moleiro,Midfielder,,2026/27 roster feed,Unavailable
Villarreal,415438,Carlos Macià,Midfielder,,2026/27 roster feed,Unavailable
Villarreal,3101325,Cheikh Ahmad Tidiane Thiam,Midfielder,,2026/27 roster feed,Unavailable
Villarreal,121020,Dani Parejo,Midfielder,,2025/26 squad carryover,Unavailable
Villarreal,255889,Pape Gueye,Midfielder,,2026/27 roster feed,Unavailable
Villarreal,240623,Santi Comesaña,Midfielder,,2026/27 roster feed,Unavailable
Villarreal,189972,Thomas Partey,Midfielder,,2025/26 squad carryover,Unavailable
